strain,biological_replicate,time,medianOD600
ancestor_d10_r1,ancestor_d10_r1_1,0,0.0854
ancestor_d10_r1,ancestor_d10_r1_1,0.17730555555555552,0.0854
ancestor_d10_r1,ancestor_d10_r1_1,0.3546388888888889,0.085500002
ancestor_d10_r1,ancestor_d10_r1_1,0.5319444444444444,0.085699998
ancestor_d10_r1,ancestor_d10_r1_1,0.70925,0.085500002
ancestor_d10_r1,ancestor_d10_r1_1,0.8865833333333334,0.086000003
ancestor_d10_r1,ancestor_d10_r1_1,1.0638888888888889,0.086199999
ancestor_d10_r1,ancestor_d10_r1_1,1.2412222222222222,0.086000003
ancestor_d10_r1,ancestor_d10_r1_1,1.4185277777777778,0.086099997
ancestor_d10_r1,ancestor_d10_r1_1,1.5958333333333334,0.086499996
ancestor_d10_r1,ancestor_d10_r1_1,1.7731666666666668,0.086800002
ancestor_d10_r1,ancestor_d10_r1_1,1.9504722222222222,0.086900003
ancestor_d10_r1,ancestor_d10_r1_1,2.1278055555555557,0.088
ancestor_d10_r1,ancestor_d10_r1_1,2.305111111111111,0.088100001
ancestor_d10_r1,ancestor_d10_r1_1,2.482416666666667,0.0889
ancestor_d10_r1,ancestor_d10_r1_1,2.6597500000000003,0.089299999
ancestor_d10_r1,ancestor_d10_r1_1,2.8370555555555557,0.0911
ancestor_d10_r1,ancestor_d10_r1_1,3.0143611111111115,0.092600003
ancestor_d10_r1,ancestor_d10_r1_1,3.191666666666667,0.094499998
ancestor_d10_r1,ancestor_d10_r1_1,3.368972222222222,0.095899999
ancestor_d10_r1,ancestor_d10_r1_1,3.5462777777777776,0.098200001
ancestor_d10_r1,ancestor_d10_r1_1,3.723583333333333,0.100500003
ancestor_d10_r1,ancestor_d10_r1_1,3.900888888888889,0.103699997
ancestor_d10_r1,ancestor_d10_r1_1,4.078194444444445,0.107299998
ancestor_d10_r1,ancestor_d10_r1_1,4.2555,0.111599997
ancestor_d10_r1,ancestor_d10_r1_1,4.432805555555556,0.118900001
ancestor_d10_r1,ancestor_d10_r1_1,4.610111111111111,0.128299996
ancestor_d10_r1,ancestor_d10_r1_1,4.787416666666667,0.141900003
ancestor_d10_r1,ancestor_d10_r1_1,4.964722222222222,0.158600003
ancestor_d10_r1,ancestor_d10_r1_1,5.142027777777778,0.182600006
ancestor_d10_r1,ancestor_d10_r1_1,5.319333333333333,0.208900005
ancestor_d10_r1,ancestor_d10_r1_1,5.4966388888888895,0.234300002
ancestor_d10_r1,ancestor_d10_r1_1,5.6739444444444445,0.262699991
ancestor_d10_r1,ancestor_d10_r1_1,5.851249999999999,0.286199987
ancestor_d10_r1,ancestor_d10_r1_1,6.028555555555555,0.314599991
ancestor_d10_r1,ancestor_d10_r1_1,6.20586111111111,0.341699988
ancestor_d10_r1,ancestor_d10_r1_1,6.383166666666667,0.371699989
ancestor_d10_r1,ancestor_d10_r1_1,6.560472222222222,0.395399988
ancestor_d10_r1,ancestor_d10_r1_1,6.737777777777778,0.412699997
ancestor_d10_r1,ancestor_d10_r1_1,6.915083333333333,0.433499992
ancestor_d10_r1,ancestor_d10_r1_1,7.092388888888888,0.455799997
ancestor_d10_r1,ancestor_d10_r1_1,7.269694444444444,0.48089999
ancestor_d10_r1,ancestor_d10_r1_1,7.447,0.498600006
ancestor_d10_r1,ancestor_d10_r1_1,7.624305555555555,0.525200009
ancestor_d10_r1,ancestor_d10_r1_1,7.801611111111111,0.540600002
ancestor_d10_r1,ancestor_d10_r1_1,7.978916666666666,0.573899984
ancestor_d10_r1,ancestor_d10_r1_1,8.156222222222222,0.582899988
ancestor_d10_r1,ancestor_d10_r1_1,8.333527777777778,0.610599995
ancestor_d10_r1,ancestor_d10_r1_1,8.510833333333332,0.619300008
ancestor_d10_r1,ancestor_d10_r1_1,8.688138888888888,0.638700008
ancestor_d10_r1,ancestor_d10_r1_1,8.865444444444444,0.652400017
ancestor_d10_r1,ancestor_d10_r1_1,9.042750000000002,0.670799971
ancestor_d10_r1,ancestor_d10_r1_1,9.220055555555554,0.675899982
ancestor_d10_r1,ancestor_d10_r1_1,9.397361111111111,0.716799974
ancestor_d10_r1,ancestor_d10_r1_1,9.574666666666667,0.714699984
ancestor_d10_r1,ancestor_d10_r1_1,9.751972222222223,0.73059999900000006
ancestor_d10_r1,ancestor_d10_r1_1,9.929277777777777,0.747900009
ancestor_d10_r1,ancestor_d10_r1_1,10.106583333333333,0.743300021
ancestor_d10_r1,ancestor_d10_r1_1,10.283888888888889,0.756200016
ancestor_d10_r1,ancestor_d10_r1_1,10.461194444444446,0.763000011
ancestor_d10_r1,ancestor_d10_r1_1,10.638499999999999,0.772099972
ancestor_d10_r1,ancestor_d10_r1_1,10.815805555555556,0.787100017
ancestor_d10_r1,ancestor_d10_r1_1,10.99311111111111,0.79519999
ancestor_d10_r1,ancestor_d10_r1_1,11.170416666666666,0.804799974
ancestor_d10_r1,ancestor_d10_r1_1,11.347722222222222,0.814599991
ancestor_d10_r1,ancestor_d10_r1_1,11.525027777777778,0.824400008
ancestor_d10_r1,ancestor_d10_r1_1,11.702333333333334,0.829400003
ancestor_d10_r1,ancestor_d10_r1_1,11.879638888888888,0.842599988
ancestor_d10_r1,ancestor_d10_r1_1,12.056944444444444,0.863300025
ancestor_d10_r1,ancestor_d10_r1_1,12.234250000000001,0.882600009
ancestor_d10_r1,ancestor_d10_r1_1,12.411555555555555,0.887700021
ancestor_d10_r1,ancestor_d10_r1_1,12.588861111111111,0.898599982
ancestor_d10_r1,ancestor_d10_r1_1,12.766166666666665,0.904500008
ancestor_d10_r1,ancestor_d10_r1_1,12.943472222222223,0.891600013
ancestor_d10_r1,ancestor_d10_r1_1,13.120777777777779,0.907899976
ancestor_d10_r1,ancestor_d10_r1_1,13.298083333333333,0.896700025
ancestor_d10_r1,ancestor_d10_r1_1,13.475388888888888,0.897899985
ancestor_d10_r1,ancestor_d10_r1_1,13.652694444444444,0.907500029
ancestor_d10_r1,ancestor_d10_r1_1,13.83,0.907899976
ancestor_d10_r1,ancestor_d10_r1_1,14.007305555555556,0.915700018
ancestor_d10_r1,ancestor_d10_r1_1,14.18461111111111,0.92110002
ancestor_d10_r1,ancestor_d10_r1_1,14.361916666666668,0.925100029
ancestor_d10_r1,ancestor_d10_r1_1,14.53922222222222,0.935000002
ancestor_d10_r1,ancestor_d10_r1_1,14.716527777777777,0.943599999
ancestor_d10_r1,ancestor_d10_r1_1,14.893833333333333,0.951699972
ancestor_d10_r1,ancestor_d10_r1_1,15.071138888888889,0.963500023
ancestor_d10_r1,ancestor_d10_r1_1,15.248444444444443,0.973999977
ancestor_d10_r1,ancestor_d10_r1_1,15.425749999999999,0.986299992
ancestor_d10_r1,ancestor_d10_r1_1,15.603055555555555,0.998099983
ancestor_d10_r1,ancestor_d10_r1_1,15.780361111111112,1.001299977
ancestor_d10_r1,ancestor_d10_r1_1,15.957666666666665,1.004299998
ancestor_d10_r1,ancestor_d10_r1_1,16.134972222222224,1.007500052
ancestor_d10_r1,ancestor_d10_r1_1,16.312277777777776,1.001199961
ancestor_d10_r1,ancestor_d10_r1_1,16.489583333333332,1.000699997
ancestor_d10_r1,ancestor_d10_r1_1,16.66688888888889,1.007200003
ancestor_d10_r1,ancestor_d10_r1_1,16.844194444444444,1.006500006
ancestor_d10_r1,ancestor_d10_r1_1,17.0215,0.987399995
ancestor_d10_r1,ancestor_d10_r1_1,17.198805555555555,0.939899981
ancestor_d10_r1,ancestor_d10_r1_1,17.37611111111111,0.872900009
ancestor_d10_r1,ancestor_d10_r1_1,17.55341666666667,0.833199978
ancestor_d10_r1,ancestor_d10_r1_1,17.73072222222222,0.832499981
ancestor_d10_r1,ancestor_d10_r1_1,17.90802777777778,0.834900022
ancestor_d10_r1,ancestor_d10_r1_1,18.08533333333333,0.832300007
ancestor_d10_r1,ancestor_d10_r1_1,18.26263888888889,0.832099974
ancestor_d10_r1,ancestor_d10_r1_1,18.439944444444446,0.834699988
ancestor_d10_r1,ancestor_d10_r1_1,18.617250000000002,0.840900004
ancestor_d10_r1,ancestor_d10_r1_1,18.794555555555554,0.84009999
ancestor_d10_r1,ancestor_d10_r1_1,18.971861111111114,0.844399989
ancestor_d10_r1,ancestor_d10_r1_1,19.149166666666666,0.845099986
ancestor_d10_r1,ancestor_d10_r1_1,19.326472222222222,0.843599975
ancestor_d10_r1,ancestor_d10_r1_1,19.503777777777778,0.841700017
ancestor_d10_r1,ancestor_d10_r1_1,19.681083333333333,0.839900017
ancestor_d10_r1,ancestor_d10_r1_1,19.85838888888889,0.842700005
ancestor_d10_r1,ancestor_d10_r1_1,20.035694444444445,0.840699971
ancestor_d10_r1,ancestor_d10_r1_1,20.213,0.83950001
ancestor_d10_r1,ancestor_d10_r1_1,20.39030555555556,0.834800005
ancestor_d10_r1,ancestor_d10_r1_1,20.56761111111111,0.837599993
ancestor_d10_r1,ancestor_d10_r1_1,20.744916666666665,0.833199978
ancestor_d10_r1,ancestor_d10_r1_1,20.92222222222222,0.832599998
ancestor_d10_r1,ancestor_d10_r1_1,21.09952777777778,0.829100013
ancestor_d10_r1,ancestor_d10_r1_1,21.276833333333336,0.825100005
ancestor_d10_r1,ancestor_d10_r1_1,21.454138888888888,0.825299978
ancestor_d10_r1,ancestor_d10_r1_1,21.631444444444444,0.824699998
ancestor_d10_r1,ancestor_d10_r1_1,21.80875,0.824999988
ancestor_d10_r1,ancestor_d10_r1_1,21.986055555555556,0.823599994
ancestor_d10_r1,ancestor_d10_r1_1,22.16336111111111,0.819400012
ancestor_d10_r1,ancestor_d10_r1_1,22.340666666666664,0.820599973
ancestor_d10_r1,ancestor_d10_r1_1,22.517972222222223,0.818000019
ancestor_d10_r1,ancestor_d10_r1_1,22.69527777777778,0.818000019
ancestor_d10_r1,ancestor_d10_r1_1,22.872583333333335,0.816200018
ancestor_d10_r1,ancestor_d10_r1_1,23.04988888888889,0.814899981
ancestor_d10_r1,ancestor_d10_r1_1,23.227194444444443,0.813000023
ancestor_d10_r1,ancestor_d10_r1_1,23.4045,0.811100006
ancestor_d10_r1,ancestor_d10_r1_2,0,0.086000003
ancestor_d10_r1,ancestor_d10_r1_2,0.17730555555555552,0.085900001
ancestor_d10_r1,ancestor_d10_r1_2,0.3546388888888889,0.085900001
ancestor_d10_r1,ancestor_d10_r1_2,0.5319444444444444,0.086000003
ancestor_d10_r1,ancestor_d10_r1_2,0.70925,0.085900001
ancestor_d10_r1,ancestor_d10_r1_2,0.8865833333333334,0.086099997
ancestor_d10_r1,ancestor_d10_r1_2,1.0638888888888889,0.086499996
ancestor_d10_r1,ancestor_d10_r1_2,1.2412222222222222,0.086300001
ancestor_d10_r1,ancestor_d10_r1_2,1.4185277777777778,0.0867
ancestor_d10_r1,ancestor_d10_r1_2,1.5958333333333334,0.086900003
ancestor_d10_r1,ancestor_d10_r1_2,1.7731666666666668,0.087399997
ancestor_d10_r1,ancestor_d10_r1_2,1.9504722222222222,0.087700002
ancestor_d10_r1,ancestor_d10_r1_2,2.1278055555555557,0.088100001
ancestor_d10_r1,ancestor_d10_r1_2,2.305111111111111,0.088699996
ancestor_d10_r1,ancestor_d10_r1_2,2.482416666666667,0.089699998
ancestor_d10_r1,ancestor_d10_r1_2,2.6597500000000003,0.0902
ancestor_d10_r1,ancestor_d10_r1_2,2.8370555555555557,0.092
ancestor_d10_r1,ancestor_d10_r1_2,3.0143611111111115,0.093099996
ancestor_d10_r1,ancestor_d10_r1_2,3.191666666666667,0.094999999
ancestor_d10_r1,ancestor_d10_r1_2,3.368972222222222,0.096600004
ancestor_d10_r1,ancestor_d10_r1_2,3.5462777777777776,0.098300003
ancestor_d10_r1,ancestor_d10_r1_2,3.723583333333333,0.100500003
ancestor_d10_r1,ancestor_d10_r1_2,3.900888888888889,0.103100002
ancestor_d10_r1,ancestor_d10_r1_2,4.078194444444445,0.106899999
ancestor_d10_r1,ancestor_d10_r1_2,4.2555,0.109800003
ancestor_d10_r1,ancestor_d10_r1_2,4.432805555555556,0.115900002
ancestor_d10_r1,ancestor_d10_r1_2,4.610111111111111,0.123400003
ancestor_d10_r1,ancestor_d10_r1_2,4.787416666666667,0.134200007
ancestor_d10_r1,ancestor_d10_r1_2,4.964722222222222,0.155399993
ancestor_d10_r1,ancestor_d10_r1_2,5.142027777777778,0.173600003
ancestor_d10_r1,ancestor_d10_r1_2,5.319333333333333,0.198599994
ancestor_d10_r1,ancestor_d10_r1_2,5.4966388888888895,0.228200004
ancestor_d10_r1,ancestor_d10_r1_2,5.6739444444444445,0.246000007
ancestor_d10_r1,ancestor_d10_r1_2,5.851249999999999,0.293300003
ancestor_d10_r1,ancestor_d10_r1_2,6.028555555555555,0.305099994
ancestor_d10_r1,ancestor_d10_r1_2,6.20586111111111,0.339599997
ancestor_d10_r1,ancestor_d10_r1_2,6.383166666666667,0.364199996
ancestor_d10_r1,ancestor_d10_r1_2,6.560472222222222,0.395399988
ancestor_d10_r1,ancestor_d10_r1_2,6.737777777777778,0.416599989
ancestor_d10_r1,ancestor_d10_r1_2,6.915083333333333,0.441100001
ancestor_d10_r1,ancestor_d10_r1_2,7.092388888888888,0.455799997
ancestor_d10_r1,ancestor_d10_r1_2,7.269694444444444,0.485900015
ancestor_d10_r1,ancestor_d10_r1_2,7.447,0.505200028
ancestor_d10_r1,ancestor_d10_r1_2,7.624305555555555,0.530600011
ancestor_d10_r1,ancestor_d10_r1_2,7.801611111111111,0.555999994
ancestor_d10_r1,ancestor_d10_r1_2,7.978916666666666,0.582799971
ancestor_d10_r1,ancestor_d10_r1_2,8.156222222222222,0.615999997
ancestor_d10_r1,ancestor_d10_r1_2,8.333527777777778,0.631600022
ancestor_d10_r1,ancestor_d10_r1_2,8.510833333333332,0.653800011
ancestor_d10_r1,ancestor_d10_r1_2,8.688138888888888,0.673399985
ancestor_d10_r1,ancestor_d10_r1_2,8.865444444444444,0.691100001
ancestor_d10_r1,ancestor_d10_r1_2,9.042750000000002,0.704400003
ancestor_d10_r1,ancestor_d10_r1_2,9.220055555555554,0.717000008
ancestor_d10_r1,ancestor_d10_r1_2,9.397361111111111,0.732500017
ancestor_d10_r1,ancestor_d10_r1_2,9.574666666666667,0.750100017
ancestor_d10_r1,ancestor_d10_r1_2,9.751972222222223,0.762600005
ancestor_d10_r1,ancestor_d10_r1_2,9.929277777777777,0.778599977
ancestor_d10_r1,ancestor_d10_r1_2,10.106583333333333,0.793299973
ancestor_d10_r1,ancestor_d10_r1_2,10.283888888888889,0.804799974
ancestor_d10_r1,ancestor_d10_r1_2,10.461194444444446,0.818099976
ancestor_d10_r1,ancestor_d10_r1_2,10.638499999999999,0.833100021
ancestor_d10_r1,ancestor_d10_r1_2,10.815805555555556,0.841300011
ancestor_d10_r1,ancestor_d10_r1_2,10.99311111111111,0.845600009
ancestor_d10_r1,ancestor_d10_r1_2,11.170416666666666,0.863799989
ancestor_d10_r1,ancestor_d10_r1_2,11.347722222222222,0.867399991
ancestor_d10_r1,ancestor_d10_r1_2,11.525027777777778,0.87559998000000006
ancestor_d10_r1,ancestor_d10_r1_2,11.702333333333334,0.889599979
ancestor_d10_r1,ancestor_d10_r1_2,11.879638888888888,0.905200005
ancestor_d10_r1,ancestor_d10_r1_2,12.056944444444444,0.91109997
ancestor_d10_r1,ancestor_d10_r1_2,12.234250000000001,0.918500006
ancestor_d10_r1,ancestor_d10_r1_2,12.411555555555555,0.920799971
ancestor_d10_r1,ancestor_d10_r1_2,12.588861111111111,0.93809998000000006
ancestor_d10_r1,ancestor_d10_r1_2,12.766166666666665,0.936699986
ancestor_d10_r1,ancestor_d10_r1_2,12.943472222222223,0.949699998
ancestor_d10_r1,ancestor_d10_r1_2,13.120777777777779,0.949899971
ancestor_d10_r1,ancestor_d10_r1_2,13.298083333333333,0.955900013
ancestor_d10_r1,ancestor_d10_r1_2,13.475388888888888,0.96390003
ancestor_d10_r1,ancestor_d10_r1_2,13.652694444444444,0.966600001
ancestor_d10_r1,ancestor_d10_r1_2,13.83,0.976300001
ancestor_d10_r1,ancestor_d10_r1_2,14.007305555555556,0.987399995
ancestor_d10_r1,ancestor_d10_r1_2,14.18461111111111,0.988900006
ancestor_d10_r1,ancestor_d10_r1_2,14.361916666666668,0.99970001
ancestor_d10_r1,ancestor_d10_r1_2,14.53922222222222,1.008599997
ancestor_d10_r1,ancestor_d10_r1_2,14.716527777777777,1.018100023
ancestor_d10_r1,ancestor_d10_r1_2,14.893833333333333,1.026900053
ancestor_d10_r1,ancestor_d10_r1_2,15.071138888888889,1.036499977
ancestor_d10_r1,ancestor_d10_r1_2,15.248444444444443,1.046000004
ancestor_d10_r1,ancestor_d10_r1_2,15.425749999999999,1.041700006
ancestor_d10_r1,ancestor_d10_r1_2,15.603055555555555,1.038699985
ancestor_d10_r1,ancestor_d10_r1_2,15.780361111111112,1.034199953
ancestor_d10_r1,ancestor_d10_r1_2,15.957666666666665,1.020300031
ancestor_d10_r1,ancestor_d10_r1_2,16.134972222222224,1.024799943
ancestor_d10_r1,ancestor_d10_r1_2,16.312277777777776,1.02760005
ancestor_d10_r1,ancestor_d10_r1_2,16.489583333333332,1.003499985
ancestor_d10_r1,ancestor_d10_r1_2,16.66688888888889,0.973500013
ancestor_d10_r1,ancestor_d10_r1_2,16.844194444444444,0.954699993
ancestor_d10_r1,ancestor_d10_r1_2,17.0215,0.943899989
ancestor_d10_r1,ancestor_d10_r1_2,17.198805555555555,0.93629998
ancestor_d10_r1,ancestor_d10_r1_2,17.37611111111111,0.935100019
ancestor_d10_r1,ancestor_d10_r1_2,17.55341666666667,0.916899979
ancestor_d10_r1,ancestor_d10_r1_2,17.73072222222222,0.898699999
ancestor_d10_r1,ancestor_d10_r1_2,17.90802777777778,0.899900019
ancestor_d10_r1,ancestor_d10_r1_2,18.08533333333333,0.894599974
ancestor_d10_r1,ancestor_d10_r1_2,18.26263888888889,0.894299984
ancestor_d10_r1,ancestor_d10_r1_2,18.439944444444446,0.895600021
ancestor_d10_r1,ancestor_d10_r1_2,18.617250000000002,0.89289999
ancestor_d10_r1,ancestor_d10_r1_2,18.794555555555554,0.892499983
ancestor_d10_r1,ancestor_d10_r1_2,18.971861111111114,0.887799978
ancestor_d10_r1,ancestor_d10_r1_2,19.149166666666666,0.887899995
ancestor_d10_r1,ancestor_d10_r1_2,19.326472222222222,0.887399971
ancestor_d10_r1,ancestor_d10_r1_2,19.503777777777778,0.888000011
ancestor_d10_r1,ancestor_d10_r1_2,19.681083333333333,0.885399997
ancestor_d10_r1,ancestor_d10_r1_2,19.85838888888889,0.886500001
ancestor_d10_r1,ancestor_d10_r1_2,20.035694444444445,0.883899987
ancestor_d10_r1,ancestor_d10_r1_2,20.213,0.885299981
ancestor_d10_r1,ancestor_d10_r1_2,20.39030555555556,0.882099986
ancestor_d10_r1,ancestor_d10_r1_2,20.56761111111111,0.881799996
ancestor_d10_r1,ancestor_d10_r1_2,20.744916666666665,0.879999995
ancestor_d10_r1,ancestor_d10_r1_2,20.92222222222222,0.877099991
ancestor_d10_r1,ancestor_d10_r1_2,21.09952777777778,0.875699997
ancestor_d10_r1,ancestor_d10_r1_2,21.276833333333336,0.872300029
ancestor_d10_r1,ancestor_d10_r1_2,21.454138888888888,0.873899996
ancestor_d10_r1,ancestor_d10_r1_2,21.631444444444444,0.870100021
ancestor_d10_r1,ancestor_d10_r1_2,21.80875,0.866299987
ancestor_d10_r1,ancestor_d10_r1_2,21.986055555555556,0.867600024
ancestor_d10_r1,ancestor_d10_r1_2,22.16336111111111,0.861999989
ancestor_d10_r1,ancestor_d10_r1_2,22.340666666666664,0.862100005
ancestor_d10_r1,ancestor_d10_r1_2,22.517972222222223,0.857800007
ancestor_d10_r1,ancestor_d10_r1_2,22.69527777777778,0.856599987
ancestor_d10_r1,ancestor_d10_r1_2,22.872583333333335,0.855000019
ancestor_d10_r1,ancestor_d10_r1_2,23.04988888888889,0.851999998
ancestor_d10_r1,ancestor_d10_r1_2,23.227194444444443,0.850099981
ancestor_d10_r1,ancestor_d10_r1_2,23.4045,0.849099994
ancestor_d10_r1,ancestor_d10_r1_3,0,0.085900001
ancestor_d10_r1,ancestor_d10_r1_3,0.17730555555555552,0.086000003
ancestor_d10_r1,ancestor_d10_r1_3,0.3546388888888889,0.086199999
ancestor_d10_r1,ancestor_d10_r1_3,0.5319444444444444,0.086300001
ancestor_d10_r1,ancestor_d10_r1_3,0.70925,0.086199999
ancestor_d10_r1,ancestor_d10_r1_3,0.8865833333333334,0.086900003
ancestor_d10_r1,ancestor_d10_r1_3,1.0638888888888889,0.087099999
ancestor_d10_r1,ancestor_d10_r1_3,1.2412222222222222,0.087300003
ancestor_d10_r1,ancestor_d10_r1_3,1.4185277777777778,0.087399997
ancestor_d10_r1,ancestor_d10_r1_3,1.5958333333333334,0.087899998
ancestor_d10_r1,ancestor_d10_r1_3,1.7731666666666668,0.088299997
ancestor_d10_r1,ancestor_d10_r1_3,1.9504722222222222,0.088799998
ancestor_d10_r1,ancestor_d10_r1_3,2.1278055555555557,0.089400001
ancestor_d10_r1,ancestor_d10_r1_3,2.305111111111111,0.090300001
ancestor_d10_r1,ancestor_d10_r1_3,2.482416666666667,0.091200002
ancestor_d10_r1,ancestor_d10_r1_3,2.6597500000000003,0.092100002
ancestor_d10_r1,ancestor_d10_r1_3,2.8370555555555557,0.0942
ancestor_d10_r1,ancestor_d10_r1_3,3.0143611111111115,0.095799997
ancestor_d10_r1,ancestor_d10_r1_3,3.191666666666667,0.097900003
ancestor_d10_r1,ancestor_d10_r1_3,3.368972222222222,0.099699996
ancestor_d10_r1,ancestor_d10_r1_3,3.5462777777777776,0.102300003
ancestor_d10_r1,ancestor_d10_r1_3,3.723583333333333,0.104500003
ancestor_d10_r1,ancestor_d10_r1_3,3.900888888888889,0.106700003
ancestor_d10_r1,ancestor_d10_r1_3,4.078194444444445,0.110200003
ancestor_d10_r1,ancestor_d10_r1_3,4.2555,0.113499999
ancestor_d10_r1,ancestor_d10_r1_3,4.432805555555556,0.118799999
ancestor_d10_r1,ancestor_d10_r1_3,4.610111111111111,0.126200005
ancestor_d10_r1,ancestor_d10_r1_3,4.787416666666667,0.138300002
ancestor_d10_r1,ancestor_d10_r1_3,4.964722222222222,0.155399993
ancestor_d10_r1,ancestor_d10_r1_3,5.142027777777778,0.177399993
ancestor_d10_r1,ancestor_d10_r1_3,5.319333333333333,0.199000001
ancestor_d10_r1,ancestor_d10_r1_3,5.4966388888888895,0.223900005
ancestor_d10_r1,ancestor_d10_r1_3,5.6739444444444445,0.248899996
ancestor_d10_r1,ancestor_d10_r1_3,5.851249999999999,0.294499993
ancestor_d10_r1,ancestor_d10_r1_3,6.028555555555555,0.309300005
ancestor_d10_r1,ancestor_d10_r1_3,6.20586111111111,0.327699989
ancestor_d10_r1,ancestor_d10_r1_3,6.383166666666667,0.363599986
ancestor_d10_r1,ancestor_d10_r1_3,6.560472222222222,0.385600001
ancestor_d10_r1,ancestor_d10_r1_3,6.737777777777778,0.408199996
ancestor_d10_r1,ancestor_d10_r1_3,6.915083333333333,0.434700012
ancestor_d10_r1,ancestor_d10_r1_3,7.092388888888888,0.446799994
ancestor_d10_r1,ancestor_d10_r1_3,7.269694444444444,0.462099999
ancestor_d10_r1,ancestor_d10_r1_3,7.447,0.486299992
ancestor_d10_r1,ancestor_d10_r1_3,7.624305555555555,0.506200016
ancestor_d10_r1,ancestor_d10_r1_3,7.801611111111111,0.528900027
ancestor_d10_r1,ancestor_d10_r1_3,7.978916666666666,0.550000012
ancestor_d10_r1,ancestor_d10_r1_3,8.156222222222222,0.583700001
ancestor_d10_r1,ancestor_d10_r1_3,8.333527777777778,0.592100024
ancestor_d10_r1,ancestor_d10_r1_3,8.510833333333332,0.606999993
ancestor_d10_r1,ancestor_d10_r1_3,8.688138888888888,0.638100028
ancestor_d10_r1,ancestor_d10_r1_3,8.865444444444444,0.649299979
ancestor_d10_r1,ancestor_d10_r1_3,9.042750000000002,0.653800011
ancestor_d10_r1,ancestor_d10_r1_3,9.220055555555554,0.690299988
ancestor_d10_r1,ancestor_d10_r1_3,9.397361111111111,0.684499979
ancestor_d10_r1,ancestor_d10_r1_3,9.574666666666667,0.709800005
ancestor_d10_r1,ancestor_d10_r1_3,9.751972222222223,0.709500015
ancestor_d10_r1,ancestor_d10_r1_3,9.929277777777777,0.737100005
ancestor_d10_r1,ancestor_d10_r1_3,10.106583333333333,0.741900027
ancestor_d10_r1,ancestor_d10_r1_3,10.283888888888889,0.752499998
ancestor_d10_r1,ancestor_d10_r1_3,10.461194444444446,0.763499975
ancestor_d10_r1,ancestor_d10_r1_3,10.638499999999999,0.776600003
ancestor_d10_r1,ancestor_d10_r1_3,10.815805555555556,0.786800027
ancestor_d10_r1,ancestor_d10_r1_3,10.99311111111111,0.792100012
ancestor_d10_r1,ancestor_d10_r1_3,11.170416666666666,0.802200019
ancestor_d10_r1,ancestor_d10_r1_3,11.347722222222222,0.814599991
ancestor_d10_r1,ancestor_d10_r1_3,11.525027777777778,0.8204
ancestor_d10_r1,ancestor_d10_r1_3,11.702333333333334,0.830600023
ancestor_d10_r1,ancestor_d10_r1_3,11.879638888888888,0.845899999
ancestor_d10_r1,ancestor_d10_r1_3,12.056944444444444,0.847000003
ancestor_d10_r1,ancestor_d10_r1_3,12.234250000000001,0.856599987
ancestor_d10_r1,ancestor_d10_r1_3,12.411555555555555,0.866699994
ancestor_d10_r1,ancestor_d10_r1_3,12.588861111111111,0.865999997
ancestor_d10_r1,ancestor_d10_r1_3,12.766166666666665,0.874300003
ancestor_d10_r1,ancestor_d10_r1_3,12.943472222222223,0.887000024
ancestor_d10_r1,ancestor_d10_r1_3,13.120777777777779,0.896300018
ancestor_d10_r1,ancestor_d10_r1_3,13.298083333333333,0.902700007
ancestor_d10_r1,ancestor_d10_r1_3,13.475388888888888,0.912100017
ancestor_d10_r1,ancestor_d10_r1_3,13.652694444444444,0.912
ancestor_d10_r1,ancestor_d10_r1_3,13.83,0.921000004
ancestor_d10_r1,ancestor_d10_r1_3,14.007305555555556,0.923099995
ancestor_d10_r1,ancestor_d10_r1_3,14.18461111111111,0.936600029
ancestor_d10_r1,ancestor_d10_r1_3,14.361916666666668,0.928499997
ancestor_d10_r1,ancestor_d10_r1_3,14.53922222222222,0.925899982
ancestor_d10_r1,ancestor_d10_r1_3,14.716527777777777,0.928200006
ancestor_d10_r1,ancestor_d10_r1_3,14.893833333333333,0.947799981
ancestor_d10_r1,ancestor_d10_r1_3,15.071138888888889,0.936399996
ancestor_d10_r1,ancestor_d10_r1_3,15.248444444444443,0.938899994
ancestor_d10_r1,ancestor_d10_r1_3,15.425749999999999,0.940800011
ancestor_d10_r1,ancestor_d10_r1_3,15.603055555555555,0.952700019
ancestor_d10_r1,ancestor_d10_r1_3,15.780361111111112,0.955900013
ancestor_d10_r1,ancestor_d10_r1_3,15.957666666666665,0.963500023
ancestor_d10_r1,ancestor_d10_r1_3,16.134972222222224,0.972800016
ancestor_d10_r1,ancestor_d10_r1_3,16.312277777777776,0.983299971
ancestor_d10_r1,ancestor_d10_r1_3,16.489583333333332,0.991999984
ancestor_d10_r1,ancestor_d10_r1_3,16.66688888888889,1.006600022
ancestor_d10_r1,ancestor_d10_r1_3,16.844194444444444,0.978699982
ancestor_d10_r1,ancestor_d10_r1_3,17.0215,0.964900017
ancestor_d10_r1,ancestor_d10_r1_3,17.198805555555555,0.974699974
ancestor_d10_r1,ancestor_d10_r1_3,17.37611111111111,0.984399974
ancestor_d10_r1,ancestor_d10_r1_3,17.55341666666667,0.992500007
ancestor_d10_r1,ancestor_d10_r1_3,17.73072222222222,1.003600001
ancestor_d10_r1,ancestor_d10_r1_3,17.90802777777778,0.938899994
ancestor_d10_r1,ancestor_d10_r1_3,18.08533333333333,0.912999988
ancestor_d10_r1,ancestor_d10_r1_3,18.26263888888889,0.875199974
ancestor_d10_r1,ancestor_d10_r1_3,18.439944444444446,0.878899992
ancestor_d10_r1,ancestor_d10_r1_3,18.617250000000002,0.879299998
ancestor_d10_r1,ancestor_d10_r1_3,18.794555555555554,0.878700018
ancestor_d10_r1,ancestor_d10_r1_3,18.971861111111114,0.877699971
ancestor_d10_r1,ancestor_d10_r1_3,19.149166666666666,0.878300011
ancestor_d10_r1,ancestor_d10_r1_3,19.326472222222222,0.881900012
ancestor_d10_r1,ancestor_d10_r1_3,19.503777777777778,0.878499985
ancestor_d10_r1,ancestor_d10_r1_3,19.681083333333333,0.871399999
ancestor_d10_r1,ancestor_d10_r1_3,19.85838888888889,0.873399973
ancestor_d10_r1,ancestor_d10_r1_3,20.035694444444445,0.87379998
ancestor_d10_r1,ancestor_d10_r1_3,20.213,0.875800014
ancestor_d10_r1,ancestor_d10_r1_3,20.39030555555556,0.881600022
ancestor_d10_r1,ancestor_d10_r1_3,20.56761111111111,0.883099973
ancestor_d10_r1,ancestor_d10_r1_3,20.744916666666665,0.882600009
ancestor_d10_r1,ancestor_d10_r1_3,20.92222222222222,0.886699975
ancestor_d10_r1,ancestor_d10_r1_3,21.09952777777778,0.885699987
ancestor_d10_r1,ancestor_d10_r1_3,21.276833333333336,0.887600005
ancestor_d10_r1,ancestor_d10_r1_3,21.454138888888888,0.886600018
ancestor_d10_r1,ancestor_d10_r1_3,21.631444444444444,0.884199977
ancestor_d10_r1,ancestor_d10_r1_3,21.80875,0.885500014
ancestor_d10_r1,ancestor_d10_r1_3,21.986055555555556,0.879400015
ancestor_d10_r1,ancestor_d10_r1_3,22.16336111111111,0.880299985
ancestor_d10_r1,ancestor_d10_r1_3,22.340666666666664,0.873600006
ancestor_d10_r1,ancestor_d10_r1_3,22.517972222222223,0.873600006
ancestor_d10_r1,ancestor_d10_r1_3,22.69527777777778,0.871599972
ancestor_d10_r1,ancestor_d10_r1_3,22.872583333333335,0.869300008
ancestor_d10_r1,ancestor_d10_r1_3,23.04988888888889,0.864099979
ancestor_d10_r1,ancestor_d10_r1_3,23.227194444444443,0.864899993
ancestor_d10_r1,ancestor_d10_r1_3,23.4045,0.863600016
ancestor_d10_r1,ancestor_d10_r1_4,0,0.086099997
ancestor_d10_r1,ancestor_d10_r1_4,0.17730555555555552,0.085900001
ancestor_d10_r1,ancestor_d10_r1_4,0.3546388888888889,0.086000003
ancestor_d10_r1,ancestor_d10_r1_4,0.5319444444444444,0.086099997
ancestor_d10_r1,ancestor_d10_r1_4,0.70925,0.086000003
ancestor_d10_r1,ancestor_d10_r1_4,0.8865833333333334,0.086199999
ancestor_d10_r1,ancestor_d10_r1_4,1.0638888888888889,0.086599998
ancestor_d10_r1,ancestor_d10_r1_4,1.2412222222222222,0.0867
ancestor_d10_r1,ancestor_d10_r1_4,1.4185277777777778,0.086599998
ancestor_d10_r1,ancestor_d10_r1_4,1.5958333333333334,0.087099999
ancestor_d10_r1,ancestor_d10_r1_4,1.7731666666666668,0.087399997
ancestor_d10_r1,ancestor_d10_r1_4,1.9504722222222222,0.087800004
ancestor_d10_r1,ancestor_d10_r1_4,2.1278055555555557,0.088
ancestor_d10_r1,ancestor_d10_r1_4,2.305111111111111,0.088699996
ancestor_d10_r1,ancestor_d10_r1_4,2.482416666666667,0.089599997
ancestor_d10_r1,ancestor_d10_r1_4,2.6597500000000003,0.090499997
ancestor_d10_r1,ancestor_d10_r1_4,2.8370555555555557,0.092500001
ancestor_d10_r1,ancestor_d10_r1_4,3.0143611111111115,0.093599997
ancestor_d10_r1,ancestor_d10_r1_4,3.191666666666667,0.095200002
ancestor_d10_r1,ancestor_d10_r1_4,3.368972222222222,0.096900001
ancestor_d10_r1,ancestor_d10_r1_4,3.5462777777777776,0.0995
ancestor_d10_r1,ancestor_d10_r1_4,3.723583333333333,0.101800002
ancestor_d10_r1,ancestor_d10_r1_4,3.900888888888889,0.103399999
ancestor_d10_r1,ancestor_d10_r1_4,4.078194444444445,0.106799997
ancestor_d10_r1,ancestor_d10_r1_4,4.2555,0.111199997
ancestor_d10_r1,ancestor_d10_r1_4,4.432805555555556,0.116099998
ancestor_d10_r1,ancestor_d10_r1_4,4.610111111111111,0.125100002
ancestor_d10_r1,ancestor_d10_r1_4,4.787416666666667,0.135800004
ancestor_d10_r1,ancestor_d10_r1_4,4.964722222222222,0.151899993
ancestor_d10_r1,ancestor_d10_r1_4,5.142027777777778,0.1708
ancestor_d10_r1,ancestor_d10_r1_4,5.319333333333333,0.196999997
ancestor_d10_r1,ancestor_d10_r1_4,5.4966388888888895,0.219600007
ancestor_d10_r1,ancestor_d10_r1_4,5.6739444444444445,0.250999987
ancestor_d10_r1,ancestor_d10_r1_4,5.851249999999999,0.278699994
ancestor_d10_r1,ancestor_d10_r1_4,6.028555555555555,0.299499989
ancestor_d10_r1,ancestor_d10_r1_4,6.20586111111111,0.336800009
ancestor_d10_r1,ancestor_d10_r1_4,6.383166666666667,0.36680001
ancestor_d10_r1,ancestor_d10_r1_4,6.560472222222222,0.385899991
ancestor_d10_r1,ancestor_d10_r1_4,6.737777777777778,0.408499986
ancestor_d10_r1,ancestor_d10_r1_4,6.915083333333333,0.422899991
ancestor_d10_r1,ancestor_d10_r1_4,7.092388888888888,0.453099996
ancestor_d10_r1,ancestor_d10_r1_4,7.269694444444444,0.468899995
ancestor_d10_r1,ancestor_d10_r1_4,7.447,0.489399999
ancestor_d10_r1,ancestor_d10_r1_4,7.624305555555555,0.504999995
ancestor_d10_r1,ancestor_d10_r1_4,7.801611111111111,0.538299978
ancestor_d10_r1,ancestor_d10_r1_4,7.978916666666666,0.562399983
ancestor_d10_r1,ancestor_d10_r1_4,8.156222222222222,0.573700011
ancestor_d10_r1,ancestor_d10_r1_4,8.333527777777778,0.597599983
ancestor_d10_r1,ancestor_d10_r1_4,8.510833333333332,0.614199996
ancestor_d10_r1,ancestor_d10_r1_4,8.688138888888888,0.626299977
ancestor_d10_r1,ancestor_d10_r1_4,8.865444444444444,0.64319998
ancestor_d10_r1,ancestor_d10_r1_4,9.042750000000002,0.665600002
ancestor_d10_r1,ancestor_d10_r1_4,9.220055555555554,0.675100029
ancestor_d10_r1,ancestor_d10_r1_4,9.397361111111111,0.692499995
ancestor_d10_r1,ancestor_d10_r1_4,9.574666666666667,0.704900026
ancestor_d10_r1,ancestor_d10_r1_4,9.751972222222223,0.723399997
ancestor_d10_r1,ancestor_d10_r1_4,9.929277777777777,0.74180001
ancestor_d10_r1,ancestor_d10_r1_4,10.106583333333333,0.754100025
ancestor_d10_r1,ancestor_d10_r1_4,10.283888888888889,0.762700021
ancestor_d10_r1,ancestor_d10_r1_4,10.461194444444446,0.769299984
ancestor_d10_r1,ancestor_d10_r1_4,10.638499999999999,0.78490001
ancestor_d10_r1,ancestor_d10_r1_4,10.815805555555556,0.786899984
ancestor_d10_r1,ancestor_d10_r1_4,10.99311111111111,0.799899995
ancestor_d10_r1,ancestor_d10_r1_4,11.170416666666666,0.799899995
ancestor_d10_r1,ancestor_d10_r1_4,11.347722222222222,0.799099982
ancestor_d10_r1,ancestor_d10_r1_4,11.525027777777778,0.824500024
ancestor_d10_r1,ancestor_d10_r1_4,11.702333333333334,0.816900015
ancestor_d10_r1,ancestor_d10_r1_4,11.879638888888888,0.834299982
ancestor_d10_r1,ancestor_d10_r1_4,12.056944444444444,0.837599993
ancestor_d10_r1,ancestor_d10_r1_4,12.234250000000001,0.849300027
ancestor_d10_r1,ancestor_d10_r1_4,12.411555555555555,0.859600008
ancestor_d10_r1,ancestor_d10_r1_4,12.588861111111111,0.87470001
ancestor_d10_r1,ancestor_d10_r1_4,12.766166666666665,0.887000024
ancestor_d10_r1,ancestor_d10_r1_4,12.943472222222223,0.890500009
ancestor_d10_r1,ancestor_d10_r1_4,13.120777777777779,0.897000015
ancestor_d10_r1,ancestor_d10_r1_4,13.298083333333333,0.894999981
ancestor_d10_r1,ancestor_d10_r1_4,13.475388888888888,0.902899981
ancestor_d10_r1,ancestor_d10_r1_4,13.652694444444444,0.908399999
ancestor_d10_r1,ancestor_d10_r1_4,13.83,0.905399978
ancestor_d10_r1,ancestor_d10_r1_4,14.007305555555556,0.905499995
ancestor_d10_r1,ancestor_d10_r1_4,14.18461111111111,0.910600007
ancestor_d10_r1,ancestor_d10_r1_4,14.361916666666668,0.919399977
ancestor_d10_r1,ancestor_d10_r1_4,14.53922222222222,0.927399993
ancestor_d10_r1,ancestor_d10_r1_4,14.716527777777777,0.931900024
ancestor_d10_r1,ancestor_d10_r1_4,14.893833333333333,0.944000006
ancestor_d10_r1,ancestor_d10_r1_4,15.071138888888889,0.949299991
ancestor_d10_r1,ancestor_d10_r1_4,15.248444444444443,0.95539999
ancestor_d10_r1,ancestor_d10_r1_4,15.425749999999999,0.963800013
ancestor_d10_r1,ancestor_d10_r1_4,15.603055555555555,0.973999977
ancestor_d10_r1,ancestor_d10_r1_4,15.780361111111112,0.984200001
ancestor_d10_r1,ancestor_d10_r1_4,15.957666666666665,0.995000005
ancestor_d10_r1,ancestor_d10_r1_4,16.134972222222224,1.006800056
ancestor_d10_r1,ancestor_d10_r1_4,16.312277777777776,1.012199998
ancestor_d10_r1,ancestor_d10_r1_4,16.489583333333332,0.995599985
ancestor_d10_r1,ancestor_d10_r1_4,16.66688888888889,0.992200017
ancestor_d10_r1,ancestor_d10_r1_4,16.844194444444444,0.936100006
ancestor_d10_r1,ancestor_d10_r1_4,17.0215,0.930299997
ancestor_d10_r1,ancestor_d10_r1_4,17.198805555555555,0.933499992
ancestor_d10_r1,ancestor_d10_r1_4,17.37611111111111,0.936600029
ancestor_d10_r1,ancestor_d10_r1_4,17.55341666666667,0.941799998
ancestor_d10_r1,ancestor_d10_r1_4,17.73072222222222,0.898100019
ancestor_d10_r1,ancestor_d10_r1_4,17.90802777777778,0.879499972
ancestor_d10_r1,ancestor_d10_r1_4,18.08533333333333,0.863799989
ancestor_d10_r1,ancestor_d10_r1_4,18.26263888888889,0.864700019
ancestor_d10_r1,ancestor_d10_r1_4,18.439944444444446,0.869099975
ancestor_d10_r1,ancestor_d10_r1_4,18.617250000000002,0.870599985
ancestor_d10_r1,ancestor_d10_r1_4,18.794555555555554,0.873700023
ancestor_d10_r1,ancestor_d10_r1_4,18.971861111111114,0.871500015
ancestor_d10_r1,ancestor_d10_r1_4,19.149166666666666,0.864099979
ancestor_d10_r1,ancestor_d10_r1_4,19.326472222222222,0.864499986
ancestor_d10_r1,ancestor_d10_r1_4,19.503777777777778,0.863600016
ancestor_d10_r1,ancestor_d10_r1_4,19.681083333333333,0.860199988
ancestor_d10_r1,ancestor_d10_r1_4,19.85838888888889,0.860000014
ancestor_d10_r1,ancestor_d10_r1_4,20.035694444444445,0.849699974
ancestor_d10_r1,ancestor_d10_r1_4,20.213,0.850300014
ancestor_d10_r1,ancestor_d10_r1_4,20.39030555555556,0.846400023
ancestor_d10_r1,ancestor_d10_r1_4,20.56761111111111,0.8477
ancestor_d10_r1,ancestor_d10_r1_4,20.744916666666665,0.845899999
ancestor_d10_r1,ancestor_d10_r1_4,20.92222222222222,0.845099986
ancestor_d10_r1,ancestor_d10_r1_4,21.09952777777778,0.842899978
ancestor_d10_r1,ancestor_d10_r1_4,21.276833333333336,0.84009999
ancestor_d10_r1,ancestor_d10_r1_4,21.454138888888888,0.838199973
ancestor_d10_r1,ancestor_d10_r1_4,21.631444444444444,0.837599993
ancestor_d10_r1,ancestor_d10_r1_4,21.80875,0.834699988
ancestor_d10_r1,ancestor_d10_r1_4,21.986055555555556,0.836399972
ancestor_d10_r1,ancestor_d10_r1_4,22.16336111111111,0.834200025
ancestor_d10_r1,ancestor_d10_r1_4,22.340666666666664,0.833299994
ancestor_d10_r1,ancestor_d10_r1_4,22.517972222222223,0.828199983
ancestor_d10_r1,ancestor_d10_r1_4,22.69527777777778,0.827099979
ancestor_d10_r1,ancestor_d10_r1_4,22.872583333333335,0.824100018
ancestor_d10_r1,ancestor_d10_r1_4,23.04988888888889,0.823300004
ancestor_d10_r1,ancestor_d10_r1_4,23.227194444444443,0.822700024
ancestor_d10_r1,ancestor_d10_r1_4,23.4045,0.8204
ancestor_d10_r1,ancestor_d10_r1_5,0,0.0854
ancestor_d10_r1,ancestor_d10_r1_5,0.17730555555555552,0.085699998
ancestor_d10_r1,ancestor_d10_r1_5,0.3546388888888889,0.085699998
ancestor_d10_r1,ancestor_d10_r1_5,0.5319444444444444,0.085900001
ancestor_d10_r1,ancestor_d10_r1_5,0.70925,0.085900001
ancestor_d10_r1,ancestor_d10_r1_5,0.8865833333333334,0.086099997
ancestor_d10_r1,ancestor_d10_r1_5,1.0638888888888889,0.086499996
ancestor_d10_r1,ancestor_d10_r1_5,1.2412222222222222,0.086400002
ancestor_d10_r1,ancestor_d10_r1_5,1.4185277777777778,0.086499996
ancestor_d10_r1,ancestor_d10_r1_5,1.5958333333333334,0.0867
ancestor_d10_r1,ancestor_d10_r1_5,1.7731666666666668,0.087099999
ancestor_d10_r1,ancestor_d10_r1_5,1.9504722222222222,0.087300003
ancestor_d10_r1,ancestor_d10_r1_5,2.1278055555555557,0.088
ancestor_d10_r1,ancestor_d10_r1_5,2.305111111111111,0.088299997
ancestor_d10_r1,ancestor_d10_r1_5,2.482416666666667,0.089400001
ancestor_d10_r1,ancestor_d10_r1_5,2.6597500000000003,0.0898
ancestor_d10_r1,ancestor_d10_r1_5,2.8370555555555557,0.091200002
ancestor_d10_r1,ancestor_d10_r1_5,3.0143611111111115,0.092500001
ancestor_d10_r1,ancestor_d10_r1_5,3.191666666666667,0.093699999
ancestor_d10_r1,ancestor_d10_r1_5,3.368972222222222,0.095200002
ancestor_d10_r1,ancestor_d10_r1_5,3.5462777777777776,0.0973
ancestor_d10_r1,ancestor_d10_r1_5,3.723583333333333,0.0999
ancestor_d10_r1,ancestor_d10_r1_5,3.900888888888889,0.1021
ancestor_d10_r1,ancestor_d10_r1_5,4.078194444444445,0.105300002
ancestor_d10_r1,ancestor_d10_r1_5,4.2555,0.1096
ancestor_d10_r1,ancestor_d10_r1_5,4.432805555555556,0.115999997
ancestor_d10_r1,ancestor_d10_r1_5,4.610111111111111,0.124499999
ancestor_d10_r1,ancestor_d10_r1_5,4.787416666666667,0.137199998
ancestor_d10_r1,ancestor_d10_r1_5,4.964722222222222,0.154200003
ancestor_d10_r1,ancestor_d10_r1_5,5.142027777777778,0.173899993
ancestor_d10_r1,ancestor_d10_r1_5,5.319333333333333,0.199000001
ancestor_d10_r1,ancestor_d10_r1_5,5.4966388888888895,0.221799999
ancestor_d10_r1,ancestor_d10_r1_5,5.6739444444444445,0.247199997
ancestor_d10_r1,ancestor_d10_r1_5,5.851249999999999,0.281199992
ancestor_d10_r1,ancestor_d10_r1_5,6.028555555555555,0.31279999000000003
ancestor_d10_r1,ancestor_d10_r1_5,6.20586111111111,0.335099995
ancestor_d10_r1,ancestor_d10_r1_5,6.383166666666667,0.360500008
ancestor_d10_r1,ancestor_d10_r1_5,6.560472222222222,0.404199988
ancestor_d10_r1,ancestor_d10_r1_5,6.737777777777778,0.415899992
ancestor_d10_r1,ancestor_d10_r1_5,6.915083333333333,0.444099993
ancestor_d10_r1,ancestor_d10_r1_5,7.092388888888888,0.449999988
ancestor_d10_r1,ancestor_d10_r1_5,7.269694444444444,0.479000002
ancestor_d10_r1,ancestor_d10_r1_5,7.447,0.486000001
ancestor_d10_r1,ancestor_d10_r1_5,7.624305555555555,0.510200024
ancestor_d10_r1,ancestor_d10_r1_5,7.801611111111111,0.534600019
ancestor_d10_r1,ancestor_d10_r1_5,7.978916666666666,0.556100011
ancestor_d10_r1,ancestor_d10_r1_5,8.156222222222222,0.577499986
ancestor_d10_r1,ancestor_d10_r1_5,8.333527777777778,0.591899991
ancestor_d10_r1,ancestor_d10_r1_5,8.510833333333332,0.608500004
ancestor_d10_r1,ancestor_d10_r1_5,8.688138888888888,0.617900014
ancestor_d10_r1,ancestor_d10_r1_5,8.865444444444444,0.631799996
ancestor_d10_r1,ancestor_d10_r1_5,9.042750000000002,0.653800011
ancestor_d10_r1,ancestor_d10_r1_5,9.220055555555554,0.670000017
ancestor_d10_r1,ancestor_d10_r1_5,9.397361111111111,0.684199989
ancestor_d10_r1,ancestor_d10_r1_5,9.574666666666667,0.701200008
ancestor_d10_r1,ancestor_d10_r1_5,9.751972222222223,0.710500002
ancestor_d10_r1,ancestor_d10_r1_5,9.929277777777777,0.721000016
ancestor_d10_r1,ancestor_d10_r1_5,10.106583333333333,0.737399995
ancestor_d10_r1,ancestor_d10_r1_5,10.283888888888889,0.744300008
ancestor_d10_r1,ancestor_d10_r1_5,10.461194444444446,0.761500001
ancestor_d10_r1,ancestor_d10_r1_5,10.638499999999999,0.767700016
ancestor_d10_r1,ancestor_d10_r1_5,10.815805555555556,0.776899993
ancestor_d10_r1,ancestor_d10_r1_5,10.99311111111111,0.783200026
ancestor_d10_r1,ancestor_d10_r1_5,11.170416666666666,0.799399972
ancestor_d10_r1,ancestor_d10_r1_5,11.347722222222222,0.806100011
ancestor_d10_r1,ancestor_d10_r1_5,11.525027777777778,0.802399993
ancestor_d10_r1,ancestor_d10_r1_5,11.702333333333334,0.825200021
ancestor_d10_r1,ancestor_d10_r1_5,11.879638888888888,0.818700016
ancestor_d10_r1,ancestor_d10_r1_5,12.056944444444444,0.821799994
ancestor_d10_r1,ancestor_d10_r1_5,12.234250000000001,0.848999977
ancestor_d10_r1,ancestor_d10_r1_5,12.411555555555555,0.843299985
ancestor_d10_r1,ancestor_d10_r1_5,12.588861111111111,0.853699982
ancestor_d10_r1,ancestor_d10_r1_5,12.766166666666665,0.865199983
ancestor_d10_r1,ancestor_d10_r1_5,12.943472222222223,0.876900017
ancestor_d10_r1,ancestor_d10_r1_5,13.120777777777779,0.904999971
ancestor_d10_r1,ancestor_d10_r1_5,13.298083333333333,0.894999981
ancestor_d10_r1,ancestor_d10_r1_5,13.475388888888888,0.89200002
ancestor_d10_r1,ancestor_d10_r1_5,13.652694444444444,0.898199975
ancestor_d10_r1,ancestor_d10_r1_5,13.83,0.91049999
ancestor_d10_r1,ancestor_d10_r1_5,14.007305555555556,0.905300021
ancestor_d10_r1,ancestor_d10_r1_5,14.18461111111111,0.91140002
ancestor_d10_r1,ancestor_d10_r1_5,14.361916666666668,0.916100025
ancestor_d10_r1,ancestor_d10_r1_5,14.53922222222222,0.921199977
ancestor_d10_r1,ancestor_d10_r1_5,14.716527777777777,0.924899995
ancestor_d10_r1,ancestor_d10_r1_5,14.893833333333333,0.92839998
ancestor_d10_r1,ancestor_d10_r1_5,15.071138888888889,0.930499971
ancestor_d10_r1,ancestor_d10_r1_5,15.248444444444443,0.937300026
ancestor_d10_r1,ancestor_d10_r1_5,15.425749999999999,0.947700024
ancestor_d10_r1,ancestor_d10_r1_5,15.603055555555555,0.956399977
ancestor_d10_r1,ancestor_d10_r1_5,15.780361111111112,0.965799987
ancestor_d10_r1,ancestor_d10_r1_5,15.957666666666665,0.977800012
ancestor_d10_r1,ancestor_d10_r1_5,16.134972222222224,0.990999997
ancestor_d10_r1,ancestor_d10_r1_5,16.312277777777776,1.00090003
ancestor_d10_r1,ancestor_d10_r1_5,16.489583333333332,1.015499949
ancestor_d10_r1,ancestor_d10_r1_5,16.66688888888889,1.018399954
ancestor_d10_r1,ancestor_d10_r1_5,16.844194444444444,1.014500022
ancestor_d10_r1,ancestor_d10_r1_5,17.0215,1.021900058
ancestor_d10_r1,ancestor_d10_r1_5,17.198805555555555,1.023399949
ancestor_d10_r1,ancestor_d10_r1_5,17.37611111111111,1.024700046
ancestor_d10_r1,ancestor_d10_r1_5,17.55341666666667,1.003999949
ancestor_d10_r1,ancestor_d10_r1_5,17.73072222222222,0.966600001
ancestor_d10_r1,ancestor_d10_r1_5,17.90802777777778,0.9375
ancestor_d10_r1,ancestor_d10_r1_5,18.08533333333333,0.907500029
ancestor_d10_r1,ancestor_d10_r1_5,18.26263888888889,0.890299976
ancestor_d10_r1,ancestor_d10_r1_5,18.439944444444446,0.880299985
ancestor_d10_r1,ancestor_d10_r1_5,18.617250000000002,0.882000029
ancestor_d10_r1,ancestor_d10_r1_5,18.794555555555554,0.881600022
ancestor_d10_r1,ancestor_d10_r1_5,18.971861111111114,0.877099991
ancestor_d10_r1,ancestor_d10_r1_5,19.149166666666666,0.877799988
ancestor_d10_r1,ancestor_d10_r1_5,19.326472222222222,0.878499985
ancestor_d10_r1,ancestor_d10_r1_5,19.503777777777778,0.879299998
ancestor_d10_r1,ancestor_d10_r1_5,19.681083333333333,0.883300006
ancestor_d10_r1,ancestor_d10_r1_5,19.85838888888889,0.877300024
ancestor_d10_r1,ancestor_d10_r1_5,20.035694444444445,0.871900022
ancestor_d10_r1,ancestor_d10_r1_5,20.213,0.868200004
ancestor_d10_r1,ancestor_d10_r1_5,20.39030555555556,0.868900001
ancestor_d10_r1,ancestor_d10_r1_5,20.56761111111111,0.867799997
ancestor_d10_r1,ancestor_d10_r1_5,20.744916666666665,0.866900027
ancestor_d10_r1,ancestor_d10_r1_5,20.92222222222222,0.869599998
ancestor_d10_r1,ancestor_d10_r1_5,21.09952777777778,0.870700002
ancestor_d10_r1,ancestor_d10_r1_5,21.276833333333336,0.869300008
ancestor_d10_r1,ancestor_d10_r1_5,21.454138888888888,0.871200025
ancestor_d10_r1,ancestor_d10_r1_5,21.631444444444444,0.866299987
ancestor_d10_r1,ancestor_d10_r1_5,21.80875,0.864899993
ancestor_d10_r1,ancestor_d10_r1_5,21.986055555555556,0.862800002
ancestor_d10_r1,ancestor_d10_r1_5,22.16336111111111,0.862800002
ancestor_d10_r1,ancestor_d10_r1_5,22.340666666666664,0.858699977
ancestor_d10_r1,ancestor_d10_r1_5,22.517972222222223,0.85680002
ancestor_d10_r1,ancestor_d10_r1_5,22.69527777777778,0.852800012
ancestor_d10_r1,ancestor_d10_r1_5,22.872583333333335,0.850899994
ancestor_d10_r1,ancestor_d10_r1_5,23.04988888888889,0.849099994
ancestor_d10_r1,ancestor_d10_r1_5,23.227194444444443,0.847899973
ancestor_d10_r1,ancestor_d10_r1_5,23.4045,0.845000029
blank,blank,0,0.085550003
blank,blank,0.17730555555555552,0.085450001
blank,blank,0.3546388888888889,0.085500002
blank,blank,0.5319444444444444,0.085650001
blank,blank,0.70925,0.085200001
blank,blank,0.8865833333333334,0.0854500015
blank,blank,1.0638888888888889,0.085650001
blank,blank,1.2412222222222222,0.08509999900000001
blank,blank,1.4185277777777778,0.085200001
blank,blank,1.5958333333333334,0.085200001
blank,blank,1.7731666666666668,0.0853499995
blank,blank,1.9504722222222222,0.085450001
blank,blank,2.1278055555555557,0.0854
blank,blank,2.305111111111111,0.0853499995
blank,blank,2.482416666666667,0.085450001
blank,blank,2.6597500000000003,0.085000001
blank,blank,2.8370555555555557,0.0854
blank,blank,3.0143611111111115,0.085550003
blank,blank,3.191666666666667,0.085549999
blank,blank,3.368972222222222,0.0852500015
blank,blank,3.5462777777777776,0.085450001
blank,blank,3.723583333333333,0.08540000049999999
blank,blank,3.900888888888889,0.0852999985
blank,blank,4.078194444444445,0.085600004
blank,blank,4.2555,0.08570000150000001
blank,blank,4.432805555555556,0.085550003
blank,blank,4.610111111111111,0.085450001
blank,blank,4.787416666666667,0.085450001
blank,blank,4.964722222222222,0.085600004
blank,blank,5.142027777777778,0.0854500015
blank,blank,5.319333333333333,0.085299999
blank,blank,5.4966388888888895,0.0853499995
blank,blank,5.6739444444444445,0.085749999
blank,blank,5.851249999999999,0.085900001
blank,blank,6.028555555555555,0.0854000005
blank,blank,6.20586111111111,0.085550003
blank,blank,6.383166666666667,0.085500002
blank,blank,6.560472222222222,0.085550003
blank,blank,6.737777777777778,0.08560000000000001
blank,blank,6.915083333333333,0.085500002
blank,blank,7.092388888888888,0.085550003
blank,blank,7.269694444444444,0.0853499995
blank,blank,7.447,0.085299999
blank,blank,7.624305555555555,0.0854
blank,blank,7.801611111111111,0.0854000005
blank,blank,7.978916666666666,0.0852999985
blank,blank,8.156222222222222,0.0854
blank,blank,8.333527777777778,0.085549999
blank,blank,8.510833333333332,0.085550003
blank,blank,8.688138888888888,0.085299999
blank,blank,8.865444444444444,0.085749999
blank,blank,9.042750000000002,0.085500002
blank,blank,9.220055555555554,0.085600004
blank,blank,9.397361111111111,0.0853499995
blank,blank,9.574666666666667,0.085299999
blank,blank,9.751972222222223,0.085450001
blank,blank,9.929277777777777,0.08550000199999999
blank,blank,10.106583333333333,0.085600004
blank,blank,10.283888888888889,0.085500002
blank,blank,10.461194444444446,0.0853499995
blank,blank,10.638499999999999,0.0854000005
blank,blank,10.815805555555556,0.08560000000000001
blank,blank,10.99311111111111,0.085450001
blank,blank,11.170416666666666,0.0853499995
blank,blank,11.347722222222222,0.0854000005
blank,blank,11.525027777777778,0.0854
blank,blank,11.702333333333334,0.085450001
blank,blank,11.879638888888888,0.085550003
blank,blank,12.056944444444444,0.085699998
blank,blank,12.234250000000001,0.085550003
blank,blank,12.411555555555555,0.085500002
blank,blank,12.588861111111111,0.085600004
blank,blank,12.766166666666665,0.085500002
blank,blank,12.943472222222223,0.085550003
blank,blank,13.120777777777779,0.085500002
blank,blank,13.298083333333333,0.085600004
blank,blank,13.475388888888888,0.0857999995
blank,blank,13.652694444444444,0.085500002
blank,blank,13.83,0.085650001
blank,blank,14.007305555555556,0.085699998
blank,blank,14.18461111111111,0.0857999995
blank,blank,14.361916666666668,0.085650001
blank,blank,14.53922222222222,0.085550003
blank,blank,14.716527777777777,0.0853499995
blank,blank,14.893833333333333,0.085450001
blank,blank,15.071138888888889,0.08550000199999999
blank,blank,15.248444444444443,0.085549999
blank,blank,15.425749999999999,0.085650001
blank,blank,15.603055555555555,0.085749999
blank,blank,15.780361111111112,0.085749999
blank,blank,15.957666666666665,0.0853499995
blank,blank,16.134972222222224,0.085749999
blank,blank,16.312277777777776,0.0858
blank,blank,16.489583333333332,0.085600004
blank,blank,16.66688888888889,0.0858500005
blank,blank,16.844194444444444,0.0858
blank,blank,17.0215,0.085650001
blank,blank,17.198805555555555,0.0858500005
blank,blank,17.37611111111111,0.085600004
blank,blank,17.55341666666667,0.085500002
blank,blank,17.73072222222222,0.085749999
blank,blank,17.90802777777778,0.085699998
blank,blank,18.08533333333333,0.085700002
blank,blank,18.26263888888889,0.085600004
blank,blank,18.439944444444446,0.0853499995
blank,blank,18.617250000000002,0.085650001
blank,blank,18.794555555555554,0.085650001
blank,blank,18.971861111111114,0.085650001
blank,blank,19.149166666666666,0.0854000005
blank,blank,19.326472222222222,0.085650001
blank,blank,19.503777777777778,0.08560000000000001
blank,blank,19.681083333333333,0.085550003
blank,blank,19.85838888888889,0.0859000015
blank,blank,20.035694444444445,0.085600004
blank,blank,20.213,0.086099997
blank,blank,20.39030555555556,0.085700002
blank,blank,20.56761111111111,0.0858500005
blank,blank,20.744916666666665,0.085450001
blank,blank,20.92222222222222,0.085900001
blank,blank,21.09952777777778,0.0853499995
blank,blank,21.276833333333336,0.0858000035
blank,blank,21.454138888888888,0.085500002
blank,blank,21.631444444444444,0.085600004
blank,blank,21.80875,0.086199999
blank,blank,21.986055555555556,0.085450001
blank,blank,22.16336111111111,0.085550003
blank,blank,22.340666666666664,0.085749999
blank,blank,22.517972222222223,0.0859000015
blank,blank,22.69527777777778,0.08560000000000001
blank,blank,22.872583333333335,0.085700002
blank,blank,23.04988888888889,0.0853499995
blank,blank,23.227194444444443,0.0858000035
blank,blank,23.4045,0.085749999
isogenic,isogenic_1,0,0.086000003
isogenic,isogenic_1,0.17730555555555552,0.085699998
isogenic,isogenic_1,0.3546388888888889,0.085900001
isogenic,isogenic_1,0.5319444444444444,0.086300001
isogenic,isogenic_1,0.70925,0.086300001
isogenic,isogenic_1,0.8865833333333334,0.086499996
isogenic,isogenic_1,1.0638888888888889,0.0867
isogenic,isogenic_1,1.2412222222222222,0.086800002
isogenic,isogenic_1,1.4185277777777778,0.087099999
isogenic,isogenic_1,1.5958333333333334,0.087399997
isogenic,isogenic_1,1.7731666666666668,0.087899998
isogenic,isogenic_1,1.9504722222222222,0.088699996
isogenic,isogenic_1,2.1278055555555557,0.089100003
isogenic,isogenic_1,2.305111111111111,0.0898
isogenic,isogenic_1,2.482416666666667,0.0911
isogenic,isogenic_1,2.6597500000000003,0.092200004
isogenic,isogenic_1,2.8370555555555557,0.094099998
isogenic,isogenic_1,3.0143611111111115,0.096100003
isogenic,isogenic_1,3.191666666666667,0.0986
isogenic,isogenic_1,3.368972222222222,0.101499997
isogenic,isogenic_1,3.5462777777777776,0.105400003
isogenic,isogenic_1,3.723583333333333,0.109899998
isogenic,isogenic_1,3.900888888888889,0.114500001
isogenic,isogenic_1,4.078194444444445,0.122100003
isogenic,isogenic_1,4.2555,0.134000003
isogenic,isogenic_1,4.432805555555556,0.146899998
isogenic,isogenic_1,4.610111111111111,0.168799996
isogenic,isogenic_1,4.787416666666667,0.194600001
isogenic,isogenic_1,4.964722222222222,0.21889999500000001
isogenic,isogenic_1,5.142027777777778,0.246900007
isogenic,isogenic_1,5.319333333333333,0.272399992
isogenic,isogenic_1,5.4966388888888895,0.292699993
isogenic,isogenic_1,5.6739444444444445,0.314200014
isogenic,isogenic_1,5.851249999999999,0.344500005
isogenic,isogenic_1,6.028555555555555,0.356999993
isogenic,isogenic_1,6.20586111111111,0.379799992
isogenic,isogenic_1,6.383166666666667,0.40169999
isogenic,isogenic_1,6.560472222222222,0.425300002
isogenic,isogenic_1,6.737777777777778,0.446099997
isogenic,isogenic_1,6.915083333333333,0.467999995
isogenic,isogenic_1,7.092388888888888,0.488000005
isogenic,isogenic_1,7.269694444444444,0.506099999
isogenic,isogenic_1,7.447,0.519999981
isogenic,isogenic_1,7.624305555555555,0.53640002
isogenic,isogenic_1,7.801611111111111,0.558200002
isogenic,isogenic_1,7.978916666666666,0.579200029
isogenic,isogenic_1,8.156222222222222,0.590399981
isogenic,isogenic_1,8.333527777777778,0.605400026
isogenic,isogenic_1,8.510833333333332,0.626800001
isogenic,isogenic_1,8.688138888888888,0.636799991
isogenic,isogenic_1,8.865444444444444,0.647499979
isogenic,isogenic_1,9.042750000000002,0.656099975
isogenic,isogenic_1,9.220055555555554,0.674000025
isogenic,isogenic_1,9.397361111111111,0.690599978
isogenic,isogenic_1,9.574666666666667,0.697799981
isogenic,isogenic_1,9.751972222222223,0.709500015
isogenic,isogenic_1,9.929277777777777,0.729200006
isogenic,isogenic_1,10.106583333333333,0.731000006
isogenic,isogenic_1,10.283888888888889,0.7421
isogenic,isogenic_1,10.461194444444446,0.757200003
isogenic,isogenic_1,10.638499999999999,0.768599987
isogenic,isogenic_1,10.815805555555556,0.778100014
isogenic,isogenic_1,10.99311111111111,0.792599976
isogenic,isogenic_1,11.170416666666666,0.798300028
isogenic,isogenic_1,11.347722222222222,0.803900003
isogenic,isogenic_1,11.525027777777778,0.815599978
isogenic,isogenic_1,11.702333333333334,0.818499982
isogenic,isogenic_1,11.879638888888888,0.829400003
isogenic,isogenic_1,12.056944444444444,0.838100016
isogenic,isogenic_1,12.234250000000001,0.850300014
isogenic,isogenic_1,12.411555555555555,0.863799989
isogenic,isogenic_1,12.588861111111111,0.87379998
isogenic,isogenic_1,12.766166666666665,0.88440001
isogenic,isogenic_1,12.943472222222223,0.9023
isogenic,isogenic_1,13.120777777777779,0.907299995
isogenic,isogenic_1,13.298083333333333,0.915899992
isogenic,isogenic_1,13.475388888888888,0.917200029
isogenic,isogenic_1,13.652694444444444,0.920000017
isogenic,isogenic_1,13.83,0.927999973
isogenic,isogenic_1,14.007305555555556,0.933000028
isogenic,isogenic_1,14.18461111111111,0.939700007
isogenic,isogenic_1,14.361916666666668,0.944899976
isogenic,isogenic_1,14.53922222222222,0.949500024
isogenic,isogenic_1,14.716527777777777,0.951699972
isogenic,isogenic_1,14.893833333333333,0.9454
isogenic,isogenic_1,15.071138888888889,0.955299973
isogenic,isogenic_1,15.248444444444443,0.959200025
isogenic,isogenic_1,15.425749999999999,0.966099977
isogenic,isogenic_1,15.603055555555555,0.968100011
isogenic,isogenic_1,15.780361111111112,0.974699974
isogenic,isogenic_1,15.957666666666665,0.971499979
isogenic,isogenic_1,16.134972222222224,0.980199993
isogenic,isogenic_1,16.312277777777776,0.985099971
isogenic,isogenic_1,16.489583333333332,0.99119997
isogenic,isogenic_1,16.66688888888889,1.000200033
isogenic,isogenic_1,16.844194444444444,1.011800051
isogenic,isogenic_1,17.0215,1.021900058
isogenic,isogenic_1,17.198805555555555,1.015799999
isogenic,isogenic_1,17.37611111111111,1.024999976
isogenic,isogenic_1,17.55341666666667,1.022699952
isogenic,isogenic_1,17.73072222222222,1.015599966
isogenic,isogenic_1,17.90802777777778,1.009699941
isogenic,isogenic_1,18.08533333333333,1.008000016
isogenic,isogenic_1,18.26263888888889,1.01760006
isogenic,isogenic_1,18.439944444444446,1.021199942
isogenic,isogenic_1,18.617250000000002,1.018399954
isogenic,isogenic_1,18.794555555555554,1.014299989
isogenic,isogenic_1,18.971861111111114,1.00759995
isogenic,isogenic_1,19.149166666666666,1.002400041
isogenic,isogenic_1,19.326472222222222,1.00030005
isogenic,isogenic_1,19.503777777777778,0.994099975
isogenic,isogenic_1,19.681083333333333,0.995000005
isogenic,isogenic_1,19.85838888888889,0.992200017
isogenic,isogenic_1,20.035694444444445,0.991400003
isogenic,isogenic_1,20.213,0.987999976
isogenic,isogenic_1,20.39030555555556,0.983900011
isogenic,isogenic_1,20.56761111111111,0.979600012
isogenic,isogenic_1,20.744916666666665,0.977400005
isogenic,isogenic_1,20.92222222222222,0.972500026
isogenic,isogenic_1,21.09952777777778,0.972100019
isogenic,isogenic_1,21.276833333333336,0.968400002
isogenic,isogenic_1,21.454138888888888,0.967700005
isogenic,isogenic_1,21.631444444444444,0.966799974
isogenic,isogenic_1,21.80875,0.965799987
isogenic,isogenic_1,21.986055555555556,0.963
isogenic,isogenic_1,22.16336111111111,0.961000025
isogenic,isogenic_1,22.340666666666664,0.959200025
isogenic,isogenic_1,22.517972222222223,0.959299982
isogenic,isogenic_1,22.69527777777778,0.958100021
isogenic,isogenic_1,22.872583333333335,0.955900013
isogenic,isogenic_1,23.04988888888889,0.95599997
isogenic,isogenic_1,23.227194444444443,0.954400003
isogenic,isogenic_1,23.4045,0.952799976
isogenic,isogenic_2,0,0.085600004
isogenic,isogenic_2,0.17730555555555552,0.085500002
isogenic,isogenic_2,0.3546388888888889,0.085600004
isogenic,isogenic_2,0.5319444444444444,0.086000003
isogenic,isogenic_2,0.70925,0.0858
isogenic,isogenic_2,0.8865833333333334,0.086300001
isogenic,isogenic_2,1.0638888888888889,0.086499996
isogenic,isogenic_2,1.2412222222222222,0.086499996
isogenic,isogenic_2,1.4185277777777778,0.086800002
isogenic,isogenic_2,1.5958333333333334,0.087300003
isogenic,isogenic_2,1.7731666666666668,0.0876
isogenic,isogenic_2,1.9504722222222222,0.088299997
isogenic,isogenic_2,2.1278055555555557,0.089199997
isogenic,isogenic_2,2.305111111111111,0.089900002
isogenic,isogenic_2,2.482416666666667,0.091300003
isogenic,isogenic_2,2.6597500000000003,0.092600003
isogenic,isogenic_2,2.8370555555555557,0.094800003
isogenic,isogenic_2,3.0143611111111115,0.096900001
isogenic,isogenic_2,3.191666666666667,0.098999999
isogenic,isogenic_2,3.368972222222222,0.102499999
isogenic,isogenic_2,3.5462777777777776,0.105400003
isogenic,isogenic_2,3.723583333333333,0.109200001
isogenic,isogenic_2,3.900888888888889,0.114299998
isogenic,isogenic_2,4.078194444444445,0.121600002
isogenic,isogenic_2,4.2555,0.133100003
isogenic,isogenic_2,4.432805555555556,0.145500004
isogenic,isogenic_2,4.610111111111111,0.165000007
isogenic,isogenic_2,4.787416666666667,0.188899994
isogenic,isogenic_2,4.964722222222222,0.217500001
isogenic,isogenic_2,5.142027777777778,0.245800003
isogenic,isogenic_2,5.319333333333333,0.275200009
isogenic,isogenic_2,5.4966388888888895,0.296799988
isogenic,isogenic_2,5.6739444444444445,0.318500012
isogenic,isogenic_2,5.851249999999999,0.345099986
isogenic,isogenic_2,6.028555555555555,0.359100014
isogenic,isogenic_2,6.20586111111111,0.380400002
isogenic,isogenic_2,6.383166666666667,0.396299988
isogenic,isogenic_2,6.560472222222222,0.421600014
isogenic,isogenic_2,6.737777777777778,0.440600008
isogenic,isogenic_2,6.915083333333333,0.463200003
isogenic,isogenic_2,7.092388888888888,0.48210001
isogenic,isogenic_2,7.269694444444444,0.497999996
isogenic,isogenic_2,7.447,0.526300013
isogenic,isogenic_2,7.624305555555555,0.540300012
isogenic,isogenic_2,7.801611111111111,0.558499992
isogenic,isogenic_2,7.978916666666666,0.569299996
isogenic,isogenic_2,8.156222222222222,0.587400019
isogenic,isogenic_2,8.333527777777778,0.602800012
isogenic,isogenic_2,8.510833333333332,0.609399974
isogenic,isogenic_2,8.688138888888888,0.625400007
isogenic,isogenic_2,8.865444444444444,0.643999994
isogenic,isogenic_2,9.042750000000002,0.656300008
isogenic,isogenic_2,9.220055555555554,0.664600015
isogenic,isogenic_2,9.397361111111111,0.66930002
isogenic,isogenic_2,9.574666666666667,0.676500022
isogenic,isogenic_2,9.751972222222223,0.695800006
isogenic,isogenic_2,9.929277777777777,0.702199996
isogenic,isogenic_2,10.106583333333333,0.706399977
isogenic,isogenic_2,10.283888888888889,0.716499984
isogenic,isogenic_2,10.461194444444446,0.727800012
isogenic,isogenic_2,10.638499999999999,0.742799997
isogenic,isogenic_2,10.815805555555556,0.744499981
isogenic,isogenic_2,10.99311111111111,0.75819999
isogenic,isogenic_2,11.170416666666666,0.763599992
isogenic,isogenic_2,11.347722222222222,0.770200014
isogenic,isogenic_2,11.525027777777778,0.785099983
isogenic,isogenic_2,11.702333333333334,0.787299991
isogenic,isogenic_2,11.879638888888888,0.801599979
isogenic,isogenic_2,12.056944444444444,0.799899995
isogenic,isogenic_2,12.234250000000001,0.81129998
isogenic,isogenic_2,12.411555555555555,0.817799985
isogenic,isogenic_2,12.588861111111111,0.821799994
isogenic,isogenic_2,12.766166666666665,0.832899988
isogenic,isogenic_2,12.943472222222223,0.836700022
isogenic,isogenic_2,13.120777777777779,0.848999977
isogenic,isogenic_2,13.298083333333333,0.848800004
isogenic,isogenic_2,13.475388888888888,0.854700029
isogenic,isogenic_2,13.652694444444444,0.867399991
isogenic,isogenic_2,13.83,0.88380003
isogenic,isogenic_2,14.007305555555556,0.88349998
isogenic,isogenic_2,14.18461111111111,0.899200022
isogenic,isogenic_2,14.361916666666668,0.900099993
isogenic,isogenic_2,14.53922222222222,0.913699985
isogenic,isogenic_2,14.716527777777777,0.915499985
isogenic,isogenic_2,14.893833333333333,0.920899987
isogenic,isogenic_2,15.071138888888889,0.921700001
isogenic,isogenic_2,15.248444444444443,0.922500014
isogenic,isogenic_2,15.425749999999999,0.927399993
isogenic,isogenic_2,15.603055555555555,0.929899991
isogenic,isogenic_2,15.780361111111112,0.93900001
isogenic,isogenic_2,15.957666666666665,0.937600017
isogenic,isogenic_2,16.134972222222224,0.941999972
isogenic,isogenic_2,16.312277777777776,0.947700024
isogenic,isogenic_2,16.489583333333332,0.953800023
isogenic,isogenic_2,16.66688888888889,0.952000022
isogenic,isogenic_2,16.844194444444444,0.956799984
isogenic,isogenic_2,17.0215,0.958500028
isogenic,isogenic_2,17.198805555555555,0.961199999
isogenic,isogenic_2,17.37611111111111,0.96509999
isogenic,isogenic_2,17.55341666666667,0.971599996
isogenic,isogenic_2,17.73072222222222,0.975300014
isogenic,isogenic_2,17.90802777777778,0.978399992
isogenic,isogenic_2,18.08533333333333,0.979099989
isogenic,isogenic_2,18.26263888888889,0.979799986
isogenic,isogenic_2,18.439944444444446,0.992299974
isogenic,isogenic_2,18.617250000000002,1.001799941
isogenic,isogenic_2,18.794555555555554,1.015799999
isogenic,isogenic_2,18.971861111111114,1.015699983
isogenic,isogenic_2,19.149166666666666,1.008100033
isogenic,isogenic_2,19.326472222222222,1.003299952
isogenic,isogenic_2,19.503777777777778,0.995800018
isogenic,isogenic_2,19.681083333333333,0.996299982
isogenic,isogenic_2,19.85838888888889,0.990199983
isogenic,isogenic_2,20.035694444444445,0.982299984
isogenic,isogenic_2,20.213,0.974699974
isogenic,isogenic_2,20.39030555555556,0.973100007
isogenic,isogenic_2,20.56761111111111,0.973200023
isogenic,isogenic_2,20.744916666666665,0.972199976
isogenic,isogenic_2,20.92222222222222,0.972299993
isogenic,isogenic_2,21.09952777777778,0.970799983
isogenic,isogenic_2,21.276833333333336,0.968900025
isogenic,isogenic_2,21.454138888888888,0.966099977
isogenic,isogenic_2,21.631444444444444,0.966199994
isogenic,isogenic_2,21.80875,0.965200007
isogenic,isogenic_2,21.986055555555556,0.962700009
isogenic,isogenic_2,22.16336111111111,0.959800005
isogenic,isogenic_2,22.340666666666664,0.958599985
isogenic,isogenic_2,22.517972222222223,0.957799971
isogenic,isogenic_2,22.69527777777778,0.957099974
isogenic,isogenic_2,22.872583333333335,0.954200029
isogenic,isogenic_2,23.04988888888889,0.951399982
isogenic,isogenic_2,23.227194444444443,0.950600028
isogenic,isogenic_2,23.4045,0.949400008
isogenic,isogenic_3,0,0.086000003
isogenic,isogenic_3,0.17730555555555552,0.086199999
isogenic,isogenic_3,0.3546388888888889,0.086099997
isogenic,isogenic_3,0.5319444444444444,0.086300001
isogenic,isogenic_3,0.70925,0.086199999
isogenic,isogenic_3,0.8865833333333334,0.086499996
isogenic,isogenic_3,1.0638888888888889,0.0867
isogenic,isogenic_3,1.2412222222222222,0.086800002
isogenic,isogenic_3,1.4185277777777778,0.086400002
isogenic,isogenic_3,1.5958333333333334,0.086999997
isogenic,isogenic_3,1.7731666666666668,0.087200001
isogenic,isogenic_3,1.9504722222222222,0.087700002
isogenic,isogenic_3,2.1278055555555557,0.088
isogenic,isogenic_3,2.305111111111111,0.088299997
isogenic,isogenic_3,2.482416666666667,0.089299999
isogenic,isogenic_3,2.6597500000000003,0.090000004
isogenic,isogenic_3,2.8370555555555557,0.091799997
isogenic,isogenic_3,3.0143611111111115,0.092900001
isogenic,isogenic_3,3.191666666666667,0.094700001
isogenic,isogenic_3,3.368972222222222,0.096699998
isogenic,isogenic_3,3.5462777777777776,0.0995
isogenic,isogenic_3,3.723583333333333,0.103100002
isogenic,isogenic_3,3.900888888888889,0.106799997
isogenic,isogenic_3,4.078194444444445,0.112000003
isogenic,isogenic_3,4.2555,0.118000001
isogenic,isogenic_3,4.432805555555556,0.127299994
isogenic,isogenic_3,4.610111111111111,0.140200004
isogenic,isogenic_3,4.787416666666667,0.158999994
isogenic,isogenic_3,4.964722222222222,0.184100002
isogenic,isogenic_3,5.142027777777778,0.211700007
isogenic,isogenic_3,5.319333333333333,0.238800004
isogenic,isogenic_3,5.4966388888888895,0.264999986
isogenic,isogenic_3,5.6739444444444445,0.285299987
isogenic,isogenic_3,5.851249999999999,0.311199993
isogenic,isogenic_3,6.028555555555555,0.342299998
isogenic,isogenic_3,6.20586111111111,0.35800001
isogenic,isogenic_3,6.383166666666667,0.38409999
isogenic,isogenic_3,6.560472222222222,0.404700011
isogenic,isogenic_3,6.737777777777778,0.420599997
isogenic,isogenic_3,6.915083333333333,0.449900001
isogenic,isogenic_3,7.092388888888888,0.469999999
isogenic,isogenic_3,7.269694444444444,0.4912
isogenic,isogenic_3,7.447,0.515999973
isogenic,isogenic_3,7.624305555555555,0.534500003
isogenic,isogenic_3,7.801611111111111,0.552100003
isogenic,isogenic_3,7.978916666666666,0.57069999
isogenic,isogenic_3,8.156222222222222,0.593200028
isogenic,isogenic_3,8.333527777777778,0.608200014
isogenic,isogenic_3,8.510833333333332,0.626800001
isogenic,isogenic_3,8.688138888888888,0.636600018
isogenic,isogenic_3,8.865444444444444,0.664799988
isogenic,isogenic_3,9.042750000000002,0.675599992
isogenic,isogenic_3,9.220055555555554,0.683700025
isogenic,isogenic_3,9.397361111111111,0.703400016
isogenic,isogenic_3,9.574666666666667,0.711199999
isogenic,isogenic_3,9.751972222222223,0.724900007
isogenic,isogenic_3,9.929277777777777,0.737900019
isogenic,isogenic_3,10.106583333333333,0.74940001999999994
isogenic,isogenic_3,10.283888888888889,0.759299994
isogenic,isogenic_3,10.461194444444446,0.773400009
isogenic,isogenic_3,10.638499999999999,0.79369998
isogenic,isogenic_3,10.815805555555556,0.805100024
isogenic,isogenic_3,10.99311111111111,0.818899989
isogenic,isogenic_3,11.170416666666666,0.818899989
isogenic,isogenic_3,11.347722222222222,0.833000004
isogenic,isogenic_3,11.525027777777778,0.838999987
isogenic,isogenic_3,11.702333333333334,0.851599991
isogenic,isogenic_3,11.879638888888888,0.855799973
isogenic,isogenic_3,12.056944444444444,0.867600024
isogenic,isogenic_3,12.234250000000001,0.877200007
isogenic,isogenic_3,12.411555555555555,0.887799978
isogenic,isogenic_3,12.588861111111111,0.895399988
isogenic,isogenic_3,12.766166666666665,0.904500008
isogenic,isogenic_3,12.943472222222223,0.925199986
isogenic,isogenic_3,13.120777777777779,0.92809999
isogenic,isogenic_3,13.298083333333333,0.928499997
isogenic,isogenic_3,13.475388888888888,0.938399971
isogenic,isogenic_3,13.652694444444444,0.940299988
isogenic,isogenic_3,13.83,0.951200008
isogenic,isogenic_3,14.007305555555556,0.954299986
isogenic,isogenic_3,14.18461111111111,0.959999979
isogenic,isogenic_3,14.361916666666668,0.962700009
isogenic,isogenic_3,14.53922222222222,0.967800021
isogenic,isogenic_3,14.716527777777777,0.97390002
isogenic,isogenic_3,14.893833333333333,0.981599987
isogenic,isogenic_3,15.071138888888889,0.983900011
isogenic,isogenic_3,15.248444444444443,0.987699986
isogenic,isogenic_3,15.425749999999999,0.995100021
isogenic,isogenic_3,15.603055555555555,0.999100029
isogenic,isogenic_3,15.780361111111112,1.004799962
isogenic,isogenic_3,15.957666666666665,1.013399959
isogenic,isogenic_3,16.134972222222224,1.020099998
isogenic,isogenic_3,16.312277777777776,1.026100039
isogenic,isogenic_3,16.489583333333332,1.04550004
isogenic,isogenic_3,16.66688888888889,1.057399988
isogenic,isogenic_3,16.844194444444444,1.058699965
isogenic,isogenic_3,17.0215,1.047899961
isogenic,isogenic_3,17.198805555555555,1.043400049
isogenic,isogenic_3,17.37611111111111,1.040699959
isogenic,isogenic_3,17.55341666666667,1.037799954
isogenic,isogenic_3,17.73072222222222,1.025699973
isogenic,isogenic_3,17.90802777777778,1.018700004
isogenic,isogenic_3,18.08533333333333,1.004500031
isogenic,isogenic_3,18.26263888888889,1.009899974
isogenic,isogenic_3,18.439944444444446,1.00059998
isogenic,isogenic_3,18.617250000000002,0.982800007
isogenic,isogenic_3,18.794555555555554,0.983299971
isogenic,isogenic_3,18.971861111111114,0.976300001
isogenic,isogenic_3,19.149166666666666,0.976999998
isogenic,isogenic_3,19.326472222222222,0.978399992
isogenic,isogenic_3,19.503777777777778,0.974099994
isogenic,isogenic_3,19.681083333333333,0.972599983
isogenic,isogenic_3,19.85838888888889,0.968299985
isogenic,isogenic_3,20.035694444444445,0.965900004
isogenic,isogenic_3,20.213,0.965200007
isogenic,isogenic_3,20.39030555555556,0.962000012
isogenic,isogenic_3,20.56761111111111,0.961799979
isogenic,isogenic_3,20.744916666666665,0.959399998
isogenic,isogenic_3,20.92222222222222,0.959500015
isogenic,isogenic_3,21.09952777777778,0.95690000099999994
isogenic,isogenic_3,21.276833333333336,0.952199996
isogenic,isogenic_3,21.454138888888888,0.954699993
isogenic,isogenic_3,21.631444444444444,0.949999988
isogenic,isogenic_3,21.80875,0.949299991
isogenic,isogenic_3,21.986055555555556,0.947600007
isogenic,isogenic_3,22.16336111111111,0.944199979
isogenic,isogenic_3,22.340666666666664,0.941999972
isogenic,isogenic_3,22.517972222222223,0.945100009
isogenic,isogenic_3,22.69527777777778,0.941600025
isogenic,isogenic_3,22.872583333333335,0.935400009
isogenic,isogenic_3,23.04988888888889,0.936399996
isogenic,isogenic_3,23.227194444444443,0.932799995
isogenic,isogenic_3,23.4045,0.933700025
isogenic,isogenic_4,0,0.085900001
isogenic,isogenic_4,0.17730555555555552,0.0858
isogenic,isogenic_4,0.3546388888888889,0.0858
isogenic,isogenic_4,0.5319444444444444,0.085900001
isogenic,isogenic_4,0.70925,0.086300001
isogenic,isogenic_4,0.8865833333333334,0.086599998
isogenic,isogenic_4,1.0638888888888889,0.086900003
isogenic,isogenic_4,1.2412222222222222,0.086900003
isogenic,isogenic_4,1.4185277777777778,0.087200001
isogenic,isogenic_4,1.5958333333333334,0.0876
isogenic,isogenic_4,1.7731666666666668,0.087899998
isogenic,isogenic_4,1.9504722222222222,0.088699996
isogenic,isogenic_4,2.1278055555555557,0.089299999
isogenic,isogenic_4,2.305111111111111,0.090000004
isogenic,isogenic_4,2.482416666666667,0.091600001
isogenic,isogenic_4,2.6597500000000003,0.092500001
isogenic,isogenic_4,2.8370555555555557,0.094700001
isogenic,isogenic_4,3.0143611111111115,0.097099997
isogenic,isogenic_4,3.191666666666667,0.100000001
isogenic,isogenic_4,3.368972222222222,0.103
isogenic,isogenic_4,3.5462777777777776,0.107199997
isogenic,isogenic_4,3.723583333333333,0.111900002
isogenic,isogenic_4,3.900888888888889,0.118000001
isogenic,isogenic_4,4.078194444444445,0.127599999
isogenic,isogenic_4,4.2555,0.142100006
isogenic,isogenic_4,4.432805555555556,0.159700006
isogenic,isogenic_4,4.610111111111111,0.184799999
isogenic,isogenic_4,4.787416666666667,0.210800007
isogenic,isogenic_4,4.964722222222222,0.240999997
isogenic,isogenic_4,5.142027777777778,0.267100006
isogenic,isogenic_4,5.319333333333333,0.291200012
isogenic,isogenic_4,5.4966388888888895,0.309899986
isogenic,isogenic_4,5.6739444444444445,0.337700009
isogenic,isogenic_4,5.851249999999999,0.360399991
isogenic,isogenic_4,6.028555555555555,0.377999991
isogenic,isogenic_4,6.20586111111111,0.398400009
isogenic,isogenic_4,6.383166666666667,0.413899988
isogenic,isogenic_4,6.560472222222222,0.435799986
isogenic,isogenic_4,6.737777777777778,0.458499998
isogenic,isogenic_4,6.915083333333333,0.475600004
isogenic,isogenic_4,7.092388888888888,0.4912
isogenic,isogenic_4,7.269694444444444,0.510999978
isogenic,isogenic_4,7.447,0.530099988
isogenic,isogenic_4,7.624305555555555,0.544499993
isogenic,isogenic_4,7.801611111111111,0.558099985
isogenic,isogenic_4,7.978916666666666,0.581499994
isogenic,isogenic_4,8.156222222222222,0.591099977
isogenic,isogenic_4,8.333527777777778,0.613399982
isogenic,isogenic_4,8.510833333333332,0.62379998
isogenic,isogenic_4,8.688138888888888,0.64200002
isogenic,isogenic_4,8.865444444444444,0.658100009
isogenic,isogenic_4,9.042750000000002,0.653800011
isogenic,isogenic_4,9.220055555555554,0.677600026
isogenic,isogenic_4,9.397361111111111,0.691699982
isogenic,isogenic_4,9.574666666666667,0.695599973
isogenic,isogenic_4,9.751972222222223,0.704699993
isogenic,isogenic_4,9.929277777777777,0.712400019
isogenic,isogenic_4,10.106583333333333,0.724699974
isogenic,isogenic_4,10.283888888888889,0.738900006
isogenic,isogenic_4,10.461194444444446,0.759199977
isogenic,isogenic_4,10.638499999999999,0.770299971
isogenic,isogenic_4,10.815805555555556,0.761600018
isogenic,isogenic_4,10.99311111111111,0.774699986
isogenic,isogenic_4,11.170416666666666,0.784500003
isogenic,isogenic_4,11.347722222222222,0.787899971
isogenic,isogenic_4,11.525027777777778,0.79430002
isogenic,isogenic_4,11.702333333333334,0.807099998
isogenic,isogenic_4,11.879638888888888,0.818499982
isogenic,isogenic_4,12.056944444444444,0.820200026
isogenic,isogenic_4,12.234250000000001,0.829100013
isogenic,isogenic_4,12.411555555555555,0.827099979
isogenic,isogenic_4,12.588861111111111,0.836199999
isogenic,isogenic_4,12.766166666666665,0.846599996
isogenic,isogenic_4,12.943472222222223,0.84799999
isogenic,isogenic_4,13.120777777777779,0.852299988
isogenic,isogenic_4,13.298083333333333,0.865700006
isogenic,isogenic_4,13.475388888888888,0.867699981
isogenic,isogenic_4,13.652694444444444,0.883300006
isogenic,isogenic_4,13.83,0.894299984
isogenic,isogenic_4,14.007305555555556,0.886500001
isogenic,isogenic_4,14.18461111111111,0.903800011
isogenic,isogenic_4,14.361916666666668,0.903199971
isogenic,isogenic_4,14.53922222222222,0.914300025
isogenic,isogenic_4,14.716527777777777,0.91109997
isogenic,isogenic_4,14.893833333333333,0.920000017
isogenic,isogenic_4,15.071138888888889,0.925800025
isogenic,isogenic_4,15.248444444444443,0.930199981
isogenic,isogenic_4,15.425749999999999,0.925999999
isogenic,isogenic_4,15.603055555555555,0.933499992
isogenic,isogenic_4,15.780361111111112,0.943199992
isogenic,isogenic_4,15.957666666666665,0.941799998
isogenic,isogenic_4,16.134972222222224,0.946099997
isogenic,isogenic_4,16.312277777777776,0.951799989
isogenic,isogenic_4,16.489583333333332,0.95539999
isogenic,isogenic_4,16.66688888888889,0.961300015
isogenic,isogenic_4,16.844194444444444,0.957599998
isogenic,isogenic_4,17.0215,0.960300028
isogenic,isogenic_4,17.198805555555555,0.965300024
isogenic,isogenic_4,17.37611111111111,0.968299985
isogenic,isogenic_4,17.55341666666667,0.972299993
isogenic,isogenic_4,17.73072222222222,0.981599987
isogenic,isogenic_4,17.90802777777778,0.9921
isogenic,isogenic_4,18.08533333333333,0.987100005
isogenic,isogenic_4,18.26263888888889,0.983799994
isogenic,isogenic_4,18.439944444444446,0.981700003
isogenic,isogenic_4,18.617250000000002,0.980199993
isogenic,isogenic_4,18.794555555555554,0.990199983
isogenic,isogenic_4,18.971861111111114,0.977999985
isogenic,isogenic_4,19.149166666666666,0.976100028
isogenic,isogenic_4,19.326472222222222,0.983500004
isogenic,isogenic_4,19.503777777777778,0.990999997
isogenic,isogenic_4,19.681083333333333,0.982500017
isogenic,isogenic_4,19.85838888888889,0.976800025
isogenic,isogenic_4,20.035694444444445,0.971099973
isogenic,isogenic_4,20.213,0.967100024
isogenic,isogenic_4,20.39030555555556,0.962800026
isogenic,isogenic_4,20.56761111111111,0.959699988
isogenic,isogenic_4,20.744916666666665,0.957499981
isogenic,isogenic_4,20.92222222222222,0.957799971
isogenic,isogenic_4,21.09952777777778,0.953100026
isogenic,isogenic_4,21.276833333333336,0.951499999
isogenic,isogenic_4,21.454138888888888,0.949800014
isogenic,isogenic_4,21.631444444444444,0.948300004
isogenic,isogenic_4,21.80875,0.947000027
isogenic,isogenic_4,21.986055555555556,0.945200026
isogenic,isogenic_4,22.16336111111111,0.945800006
isogenic,isogenic_4,22.340666666666664,0.943099976
isogenic,isogenic_4,22.517972222222223,0.940699995
isogenic,isogenic_4,22.69527777777778,0.939100027
isogenic,isogenic_4,22.872583333333335,0.93809998000000006
isogenic,isogenic_4,23.04988888888889,0.934099972
isogenic,isogenic_4,23.227194444444443,0.933700025
isogenic,isogenic_4,23.4045,0.931500018
isogenic,isogenic_5,0,0.085600004
isogenic,isogenic_5,0.17730555555555552,0.085299999
isogenic,isogenic_5,0.3546388888888889,0.085299999
isogenic,isogenic_5,0.5319444444444444,0.085600004
isogenic,isogenic_5,0.70925,0.085199997
isogenic,isogenic_5,0.8865833333333334,0.085600004
isogenic,isogenic_5,1.0638888888888889,0.085600004
isogenic,isogenic_5,1.2412222222222222,0.085900001
isogenic,isogenic_5,1.4185277777777778,0.085900001
isogenic,isogenic_5,1.5958333333333334,0.086300001
isogenic,isogenic_5,1.7731666666666668,0.086599998
isogenic,isogenic_5,1.9504722222222222,0.087300003
isogenic,isogenic_5,2.1278055555555557,0.087499999
isogenic,isogenic_5,2.305111111111111,0.088299997
isogenic,isogenic_5,2.482416666666667,0.089000002
isogenic,isogenic_5,2.6597500000000003,0.089900002
isogenic,isogenic_5,2.8370555555555557,0.091600001
isogenic,isogenic_5,3.0143611111111115,0.0933
isogenic,isogenic_5,3.191666666666667,0.095200002
isogenic,isogenic_5,3.368972222222222,0.0973
isogenic,isogenic_5,3.5462777777777776,0.100599997
isogenic,isogenic_5,3.723583333333333,0.1043
isogenic,isogenic_5,3.900888888888889,0.109200001
isogenic,isogenic_5,4.078194444444445,0.114100002
isogenic,isogenic_5,4.2555,0.121799998
isogenic,isogenic_5,4.432805555555556,0.131999999
isogenic,isogenic_5,4.610111111111111,0.145600006
isogenic,isogenic_5,4.787416666666667,0.165700004
isogenic,isogenic_5,4.964722222222222,0.188099995
isogenic,isogenic_5,5.142027777777778,0.214300007
isogenic,isogenic_5,5.319333333333333,0.243599996
isogenic,isogenic_5,5.4966388888888895,0.268900007
isogenic,isogenic_5,5.6739444444444445,0.288399994
isogenic,isogenic_5,5.851249999999999,0.316199988
isogenic,isogenic_5,6.028555555555555,0.342099994
isogenic,isogenic_5,6.20586111111111,0.365799993
isogenic,isogenic_5,6.383166666666667,0.391299993
isogenic,isogenic_5,6.560472222222222,0.41839999
isogenic,isogenic_5,6.737777777777778,0.437700003
isogenic,isogenic_5,6.915083333333333,0.456800014
isogenic,isogenic_5,7.092388888888888,0.476500005
isogenic,isogenic_5,7.269694444444444,0.498899996
isogenic,isogenic_5,7.447,0.519299984
isogenic,isogenic_5,7.624305555555555,0.543600023
isogenic,isogenic_5,7.801611111111111,0.57160002
isogenic,isogenic_5,7.978916666666666,0.586399972
isogenic,isogenic_5,8.156222222222222,0.614499986
isogenic,isogenic_5,8.333527777777778,0.629100025
isogenic,isogenic_5,8.510833333333332,0.638499975
isogenic,isogenic_5,8.688138888888888,0.664399981
isogenic,isogenic_5,8.865444444444444,0.677399993
isogenic,isogenic_5,9.042750000000002,0.694599986
isogenic,isogenic_5,9.220055555555554,0.709500015
isogenic,isogenic_5,9.397361111111111,0.724099994
isogenic,isogenic_5,9.574666666666667,0.74089998
isogenic,isogenic_5,9.751972222222223,0.760200024
isogenic,isogenic_5,9.929277777777777,0.774900019
isogenic,isogenic_5,10.106583333333333,0.792400002
isogenic,isogenic_5,10.283888888888889,0.801800013
isogenic,isogenic_5,10.461194444444446,0.812399983
isogenic,isogenic_5,10.638499999999999,0.823499978
isogenic,isogenic_5,10.815805555555556,0.836499989
isogenic,isogenic_5,10.99311111111111,0.849399984
isogenic,isogenic_5,11.170416666666666,0.857900023
isogenic,isogenic_5,11.347722222222222,0.871800005
isogenic,isogenic_5,11.525027777777778,0.881799996
isogenic,isogenic_5,11.702333333333334,0.896700025
isogenic,isogenic_5,11.879638888888888,0.913399994
isogenic,isogenic_5,12.056944444444444,0.921299994
isogenic,isogenic_5,12.234250000000001,0.928600013
isogenic,isogenic_5,12.411555555555555,0.944400012
isogenic,isogenic_5,12.588861111111111,0.949599981
isogenic,isogenic_5,12.766166666666665,0.952899992
isogenic,isogenic_5,12.943472222222223,0.965399981
isogenic,isogenic_5,13.120777777777779,0.971300006
isogenic,isogenic_5,13.298083333333333,0.973699987
isogenic,isogenic_5,13.475388888888888,0.981299996
isogenic,isogenic_5,13.652694444444444,0.988399982
isogenic,isogenic_5,13.83,0.996699989
isogenic,isogenic_5,14.007305555555556,1.001600027
isogenic,isogenic_5,14.18461111111111,1.006999969
isogenic,isogenic_5,14.361916666666668,1.015499949
isogenic,isogenic_5,14.53922222222222,1.021399975
isogenic,isogenic_5,14.716527777777777,1.032099962
isogenic,isogenic_5,14.893833333333333,1.039399981
isogenic,isogenic_5,15.071138888888889,1.046599984
isogenic,isogenic_5,15.248444444444443,1.054399967
isogenic,isogenic_5,15.425749999999999,1.066499949
isogenic,isogenic_5,15.603055555555555,1.080800056
isogenic,isogenic_5,15.780361111111112,1.077399969
isogenic,isogenic_5,15.957666666666665,1.074699998
isogenic,isogenic_5,16.134972222222224,1.068300009
isogenic,isogenic_5,16.312277777777776,1.060600042
isogenic,isogenic_5,16.489583333333332,1.0546
isogenic,isogenic_5,16.66688888888889,1.040500045
isogenic,isogenic_5,16.844194444444444,1.02489996
isogenic,isogenic_5,17.0215,1.011000037
isogenic,isogenic_5,17.198805555555555,1.001299977
isogenic,isogenic_5,17.37611111111111,0.995100021
isogenic,isogenic_5,17.55341666666667,0.986299992
isogenic,isogenic_5,17.73072222222222,0.984899998
isogenic,isogenic_5,17.90802777777778,0.98089999
isogenic,isogenic_5,18.08533333333333,0.978200018
isogenic,isogenic_5,18.26263888888889,0.976800025
isogenic,isogenic_5,18.439944444444446,0.977500021
isogenic,isogenic_5,18.617250000000002,0.976899981
isogenic,isogenic_5,18.794555555555554,0.975499988
isogenic,isogenic_5,18.971861111111114,0.978299975
isogenic,isogenic_5,19.149166666666666,0.970600009
isogenic,isogenic_5,19.326472222222222,0.976000011
isogenic,isogenic_5,19.503777777777778,0.985000014
isogenic,isogenic_5,19.681083333333333,0.986800015
isogenic,isogenic_5,19.85838888888889,0.986999989
isogenic,isogenic_5,20.035694444444445,0.984600008
isogenic,isogenic_5,20.213,0.986999989
isogenic,isogenic_5,20.39030555555556,0.98210001
isogenic,isogenic_5,20.56761111111111,0.97329998
isogenic,isogenic_5,20.744916666666665,0.966300011
isogenic,isogenic_5,20.92222222222222,0.960099995
isogenic,isogenic_5,21.09952777777778,0.954299986
isogenic,isogenic_5,21.276833333333336,0.951499999
isogenic,isogenic_5,21.454138888888888,0.945299983
isogenic,isogenic_5,21.631444444444444,0.943499982
isogenic,isogenic_5,21.80875,0.941699982
isogenic,isogenic_5,21.986055555555556,0.940599978
isogenic,isogenic_5,22.16336111111111,0.93629998
isogenic,isogenic_5,22.340666666666664,0.935199976
isogenic,isogenic_5,22.517972222222223,0.936500013
isogenic,isogenic_5,22.69527777777778,0.932399988
isogenic,isogenic_5,22.872583333333335,0.92869997
isogenic,isogenic_5,23.04988888888889,0.931299984
isogenic,isogenic_5,23.227194444444443,0.926599979
isogenic,isogenic_5,23.4045,0.925000012
